date_key,region_key,market_key,travellers,overnight_stays
199901,1,1,484042.0,1511792.0
199901,1,2,300094.0,709064.0
199901,1,3,183948.0,802728.0
199901,2,1,151405.0,1430116.0
199901,2,2,46824.0,292635.0
199901,2,3,104581.0,1137481.0
199901,3,1,408788.0,3254725.0
199901,3,2,82894.0,301793.0
199901,3,3,325894.0,2952932.0
199901,4,1,405470.0,922989.0
199901,4,2,248367.0,572585.0
199901,4,3,157103.0,350404.0
199901,5,1,383011.0,827804.0
199901,5,2,247762.0,505452.0
199901,5,3,135249.0,322352.0
199901,6,1,2775738.0,10406167.0
199901,6,2,1696976.0,4015957.0
199901,6,3,1078762.0,6390210.0
199901,7,1,213337.0,1066058.0
199901,7,2,126852.0,413892.0
199901,7,3,86485.0,652166.0
199902,1,1,621026.0,1828898.0
199902,1,2,388725.0,886785.0
199902,1,3,232301.0,942113.0
199902,2,1,210910.0,1807985.0
199902,2,2,55323.0,332800.0
199902,2,3,155587.0,1475185.0
199902,3,1,388950.0,3199715.0
199902,3,2,80621.0,316543.0
199902,3,3,308329.0,2883172.0
199902,4,1,502236.0,1112446.0
199902,4,2,311256.0,659111.0
199902,4,3,190980.0,453335.0
199902,5,1,374926.0,825263.0
199902,5,2,231444.0,495082.0
199902,5,3,143482.0,330181.0
199902,6,1,3205892.0,11451100.0
199902,6,2,1971767.0,4520079.0
199902,6,3,1234125.0,6931021.0
199902,7,1,264244.0,1112322.0
199902,7,2,163067.0,468010.0
199902,7,3,101177.0,644312.0
199903,1,1,848286.0,2488595.0
199903,1,2,468696.0,1092195.0
199903,1,3,379590.0,1396400.0
199903,2,1,308361.0,2239760.0
199903,2,2,78280.0,505644.0
199903,2,3,230081.0,1734116.0
199903,3,1,468518.0,3485060.0
199903,3,2,117640.0,427666.0
199903,3,3,350878.0,3057394.0
199903,4,1,584609.0,1430860.0
199903,4,2,327680.0,772612.0
199903,4,3,256929.0,658248.0
199903,5,1,467802.0,1025989.0
199903,5,2,265564.0,565270.0
199903,5,3,202238.0,460719.0
199903,6,1,4143343.0,14212113.0
199903,6,2,2462481.0,5847897.0
199903,6,3,1680861.0,8364216.0
199903,7,1,326046.0,1404519.0
199903,7,2,211264.0,616712.0
199903,7,3,114782.0,787807.0
199904,1,1,1037943.0,3053774.0
199904,1,2,500184.0,1314785.0
199904,1,3,537759.0,1738989.0
199904,2,1,453494.0,3411892.0
199904,2,2,105228.0,673931.0
199904,2,3,348266.0,2737961.0
199904,3,1,411791.0,3281809.0
199904,3,2,117175.0,481766.0
199904,3,3,294616.0,2800043.0
199904,4,1,833430.0,2511886.0
199904,4,2,413065.0,1099336.0
199904,4,3,420365.0,1412550.0
199904,5,1,489285.0,1065613.0
199904,5,2,254065.0,526476.0
199904,5,3,235220.0,539137.0
199904,6,1,4931385.0,17472798.0
199904,6,2,2738154.0,7121973.0
199904,6,3,2193231.0,10350825.0
199904,7,1,365402.0,1579943.0
199904,7,2,243569.0,842958.0
199904,7,3,121833.0,736985.0
199905,1,1,1092034.0,3076815.0
199905,1,2,507609.0,1076547.0
199905,1,3,584425.0,2000268.0
199905,2,1,926818.0,7042417.0
199905,2,2,88654.0,379938.0
199905,2,3,838164.0,6662479.0
199905,3,1,404243.0,3106804.0
199905,3,2,126022.0,498695.0
199905,3,3,278221.0,2608109.0
199905,4,1,1023052.0,3515358.0
199905,4,2,374947.0,892165.0
199905,4,3,648105.0,2623193.0
199905,5,1,517263.0,1087862.0
199905,5,2,276771.0,554560.0
199905,5,3,240492.0,533302.0
199905,6,1,5724555.0,21966528.0
199905,6,2,2708247.0,6283940.0
199905,6,3,3016308.0,15682588.0
199905,7,1,392766.0,1572945.0
199905,7,2,248891.0,785888.0
199905,7,3,143875.0,787057.0
199906,1,1,1058533.0,3194073.0
199906,1,2,545735.0,1203271.0
199906,1,3,512798.0,1990802.0
199906,2,1,1016890.0,8292561.0
199906,2,2,105829.0,508185.0
199906,2,3,911061.0,7784376.0
199906,3,1,357055.0,3015603.0
199906,3,2,96953.0,406417.0
199906,3,3,260102.0,2609186.0
199906,4,1,1082686.0,4245836.0
199906,4,2,410269.0,1055281.0
199906,4,3,672417.0,3190555.0
199906,5,1,496720.0,1027197.0
199906,5,2,267571.0,528500.0
199906,5,3,229149.0,498697.0
199906,6,1,5834331.0,24313223.0
199906,6,2,2829189.0,6938607.0
199906,6,3,3005142.0,17374616.0
199906,7,1,397926.0,1735926.0
199906,7,2,265706.0,937002.0
199906,7,3,132220.0,798924.0
199907,1,1,999975.0,3742704.0
199907,1,2,567218.0,1774328.0
199907,1,3,432757.0,1968376.0
199907,2,1,1017879.0,8783674.0
199907,2,2,120182.0,638578.0
199907,2,3,897697.0,8145096.0
199907,3,1,443700.0,3459816.0
199907,3,2,150473.0,652236.0
199907,3,3,293227.0,2807580.0
199907,4,1,1246697.0,5725717.0
199907,4,2,469672.0,1497972.0
199907,4,3,777025.0,4227745.0
199907,5,1,452583.0,950312.0
199907,5,2,228067.0,465061.0
199907,5,3,224516.0,485251.0
199907,6,1,6415298.0,28531434.0
199907,6,2,3300631.0,9484027.0
199907,6,3,3114667.0,19047406.0
199907,7,1,481742.0,2176634.0
199907,7,2,335828.0,1389664.0
199907,7,3,145914.0,786970.0
199908,1,1,1103814.0,4335259.0
199908,1,2,630746.0,2224998.0
199908,1,3,473068.0,2110261.0
199908,2,1,1032703.0,9115344.0
199908,2,2,129638.0,774364.0
199908,2,3,903065.0,8340980.0
199908,3,1,478431.0,3974728.0
199908,3,2,168127.0,829316.0
199908,3,3,310304.0,3145412.0
199908,4,1,1311174.0,6380157.0
199908,4,2,517633.0,2016586.0
199908,4,3,793541.0,4363571.0
199908,5,1,390662.0,846899.0
199908,5,2,179078.0,392529.0
199908,5,3,211584.0,454370.0
199908,6,1,6986211.0,31967269.0
199908,6,2,3753975.0,12066309.0
199908,6,3,3232236.0,19900960.0
199908,7,1,533630.0,2479536.0
199908,7,2,375740.0,1658331.0
199908,7,3,157890.0,821205.0
199909,1,1,1107381.0,3620967.0
199909,1,2,545609.0,1507857.0
199909,1,3,561772.0,2113110.0
199909,2,1,947878.0,8363854.0
199909,2,2,97190.0,536913.0
199909,2,3,850688.0,7826941.0
199909,3,1,409006.0,3386534.0
199909,3,2,135461.0,645219.0
199909,3,3,273545.0,2741315.0
199909,4,1,1094218.0,4735149.0
199909,4,2,432612.0,1288620.0
199909,4,3,661606.0,3446529.0
199909,5,1,516489.0,1106964.0
199909,5,2,266370.0,550546.0
199909,5,3,250119.0,556418.0
199909,6,1,6349504.0,26750512.0
199909,6,2,3220763.0,8670328.0
199909,6,3,3128741.0,18080183.0
199909,7,1,481991.0,2010422.0
199909,7,2,297362.0,1202012.0
199909,7,3,184629.0,808410.0
199910,1,1,1021135.0,3027679.0
199910,1,2,491851.0,1105390.0
199910,1,3,529284.0,1922289.0
199910,2,1,652015.0,6167099.0
199910,2,2,71513.0,365568.0
199910,2,3,580502.0,5801531.0
199910,3,1,475098.0,3616176.0
199910,3,2,152103.0,628890.0
199910,3,3,322995.0,2987286.0
199910,4,1,837820.0,2843112.0
199910,4,2,358840.0,853809.0
199910,4,3,478980.0,1989303.0
199910,5,1,535892.0,1158844.0
199910,5,2,271448.0,562440.0
199910,5,3,264444.0,596404.0
199910,6,1,5447890.0,21402806.0
199910,6,2,2844631.0,6799252.0
199910,6,3,2603260.0,14603554.0
199910,7,1,402187.0,1706964.0
199910,7,2,242536.0,849777.0
199910,7,3,159651.0,857187.0
199911,1,1,684111.0,1927954.0
199911,1,2,381334.0,816401.0
199911,1,3,302777.0,1111553.0
199911,2,1,165822.0,1188509.0
199911,2,2,52896.0,283445.0
199911,2,3,112926.0,905064.0
199911,3,1,452586.0,3483544.0
199911,3,2,119313.0,486286.0
199911,3,3,333273.0,2997258.0
199911,4,1,493799.0,1165097.0
199911,4,2,260596.0,580935.0
199911,4,3,233203.0,584162.0
199911,5,1,446211.0,962211.0
199911,5,2,246358.0,504376.0
199911,5,3,199853.0,457835.0
199911,6,1,3570715.0,11875758.0
199911,6,2,2132074.0,4881831.0
199911,6,3,1438641.0,6993927.0
199911,7,1,292855.0,1235859.0
199911,7,2,172358.0,547492.0
199911,7,3,120497.0,688367.0
199912,1,1,614055.0,1668882.0
199912,1,2,399559.0,872737.0
199912,1,3,214496.0,796145.0
199912,2,1,160496.0,869020.0
199912,2,2,73904.0,346163.0
199912,2,3,86592.0,522857.0
199912,3,1,368877.0,2899829.0
199912,3,2,118147.0,443167.0
199912,3,3,250730.0,2456662.0
199912,4,1,469075.0,1097932.0
199912,4,2,288332.0,662427.0
199912,4,3,180743.0,435505.0
199912,5,1,377069.0,836629.0
199912,5,2,228154.0,488828.0
199912,5,3,148915.0,347801.0
199912,6,1,3204082.0,10189931.0
199912,6,2,2130796.0,4873442.0
199912,6,3,1073286.0,5316489.0
199912,7,1,248160.0,1054895.0
199912,7,2,157152.0,471589.0
199912,7,3,91008.0,583306.0
200001,1,1,502594.0,1541230.0
200001,1,2,297272.0,684271.0
200001,1,3,205322.0,856959.0
200001,2,1,138056.0,978372.0
200001,2,2,58136.0,236965.0
200001,2,3,79920.0,741407.0
200001,3,1,369996.0,2830457.0
200001,3,2,83675.0,328342.0
200001,3,3,286321.0,2502115.0
200001,4,1,435052.0,1105250.0
200001,4,2,267024.0,682370.0
200001,4,3,168028.0,422880.0
200001,5,1,374560.0,867253.0
200001,5,2,222243.0,492095.0
200001,5,3,152317.0,375158.0
200001,6,1,2808737.0,9828017.0
200001,6,2,1738456.0,4113167.0
200001,6,3,1070281.0,5714850.0
200001,7,1,228348.0,1035943.0
200001,7,2,142040.0,407560.0
200001,7,3,86308.0,628383.0
200002,1,1,674580.0,1951550.0
200002,1,2,402187.0,852207.0
200002,1,3,272393.0,1099343.0
200002,2,1,201841.0,1382076.0
200002,2,2,85169.0,374245.0
200002,2,3,116672.0,1007831.0
200002,3,1,395264.0,3052883.0
200002,3,2,91179.0,355875.0
200002,3,3,304085.0,2697008.0
200002,4,1,504702.0,1263199.0
200002,4,2,288018.0,696880.0
200002,4,3,216684.0,566319.0
200002,5,1,426402.0,918168.0
200002,5,2,249027.0,503377.0
200002,5,3,177375.0,414791.0
200002,6,1,3390877.0,11453033.0
200002,6,2,2098381.0,4774933.0
200002,6,3,1292495.0,6678100.0
200002,7,1,274796.0,1159065.0
200002,7,2,176491.0,482506.0
200002,7,3,98305.0,676559.0
200003,1,1,905499.0,2659795.0
200003,1,2,452311.0,1032471.0
200003,1,3,453188.0,1627324.0
200003,2,1,304377.0,2277109.0
200003,2,2,92418.0,527833.0
200003,2,3,211959.0,1749276.0
200003,3,1,440710.0,3345660.0
200003,3,2,103269.0,395759.0
200003,3,3,337441.0,2949901.0
200003,4,1,655173.0,1643297.0
200003,4,2,352022.0,848169.0
200003,4,3,303151.0,795128.0
200003,5,1,494660.0,1076607.0
200003,5,2,259575.0,541717.0
200003,5,3,235085.0,534890.0
200003,6,1,4244207.0,14537790.0
200003,6,2,2405046.0,5732829.0
200003,6,3,1839160.0,8804962.0
200003,7,1,315057.0,1435318.0
200003,7,2,187973.0,589735.0
200003,7,3,127084.0,845583.0
200004,1,1,1162510.0,3305907.0
200004,1,2,547903.0,1342119.0
200004,1,3,614607.0,1963788.0
200004,2,1,454197.0,3167155.0
200004,2,2,118528.0,687153.0
200004,2,3,335669.0,2480002.0
200004,3,1,448383.0,3102165.0
200004,3,2,135419.0,515233.0
200004,3,3,312964.0,2586932.0
200004,4,1,908426.0,2874753.0
200004,4,2,426537.0,1145228.0
200004,4,3,481889.0,1729525.0
200004,5,1,518869.0,1162968.0
200004,5,2,256679.0,553555.0
200004,5,3,262190.0,609413.0
200004,6,1,5335325.0,18006005.0
200004,6,2,2941255.0,7444144.0
200004,6,3,2394072.0,10561863.0
200004,7,1,408580.0,1662596.0
200004,7,2,272855.0,893784.0
200004,7,3,135725.0,768812.0
200005,1,1,1106599.0,3231833.0
200005,1,2,504298.0,1111140.0
200005,1,3,602301.0,2120693.0
200005,2,1,850599.0,6294261.0
200005,2,2,94924.0,400037.0
200005,2,3,755675.0,5894224.0
200005,3,1,362979.0,2800074.0
200005,3,2,106483.0,439254.0
200005,3,3,256496.0,2360820.0
200005,4,1,971204.0,3215566.0
200005,4,2,373383.0,882634.0
200005,4,3,597821.0,2332932.0
200005,5,1,543462.0,1168584.0
200005,5,2,273777.0,566478.0
200005,5,3,269685.0,602106.0
200005,6,1,5592100.0,20998662.0
200005,6,2,2656249.0,6323491.0
200005,6,3,2935851.0,14675170.0
200005,7,1,393636.0,1726866.0
200005,7,2,248000.0,877168.0
200005,7,3,145636.0,849698.0
200006,1,1,1019782.0,3295705.0
200006,1,2,522705.0,1296859.0
200006,1,3,497077.0,1998846.0
200006,2,1,930608.0,7766880.0
200006,2,2,112261.0,478939.0
200006,2,3,818347.0,7287941.0
200006,3,1,377025.0,2841638.0
200006,3,2,114758.0,464400.0
200006,3,3,262267.0,2377238.0
200006,4,1,1134525.0,4412566.0
200006,4,2,454721.0,1172946.0
200006,4,3,679804.0,3239620.0
200006,5,1,524392.0,1131871.0
200006,5,2,260894.0,536019.0
200006,5,3,263498.0,595852.0
200006,6,1,5806706.0,24084087.0
200006,6,2,2853802.0,7247304.0
200006,6,3,2952901.0,16836780.0
200006,7,1,418015.0,1861368.0
200006,7,2,282751.0,1054814.0
200006,7,3,135264.0,806554.0
200007,1,1,1011254.0,3689509.0
200007,1,2,564047.0,1813918.0
200007,1,3,447207.0,1875591.0
200007,2,1,1027404.0,8389164.0
200007,2,2,122778.0,701088.0
200007,2,3,904626.0,7688076.0
200007,3,1,395959.0,3305479.0
200007,3,2,134712.0,622300.0
200007,3,3,261247.0,2683179.0
200007,4,1,1249859.0,5811157.0
200007,4,2,449050.0,1443202.0
200007,4,3,800809.0,4367955.0
200007,5,1,478475.0,1016635.0
200007,5,2,229237.0,471713.0
200007,5,3,249238.0,544922.0
200007,6,1,6374389.0,28181545.0
200007,6,2,3187268.0,9494610.0
200007,6,3,3187121.0,18686936.0
200007,7,1,490465.0,2252241.0
200007,7,2,347307.0,1431582.0
200007,7,3,143158.0,820659.0
200008,1,1,1162469.0,4308092.0
200008,1,2,684300.0,2330209.0
200008,1,3,478169.0,1977883.0
200008,2,1,991372.0,8637210.0
200008,2,2,122655.0,880391.0
200008,2,3,868717.0,7756819.0
200008,3,1,449497.0,3717689.0
200008,3,2,169776.0,874449.0
200008,3,3,279721.0,2843240.0
200008,4,1,1273697.0,6265895.0
200008,4,2,521152.0,2114647.0
200008,4,3,752545.0,4151248.0
200008,5,1,432904.0,918600.0
200008,5,2,197375.0,417094.0
200008,5,3,235529.0,501506.0
200008,6,1,6994683.0,31282474.0
200008,6,2,3805934.0,12511854.0
200008,6,3,3188748.0,18770622.0
200008,7,1,542358.0,2573367.0
200008,7,2,384544.0,1762079.0
200008,7,3,157814.0,811288.0
200009,1,1,1158445.0,3666929.0
200009,1,2,588532.0,1624319.0
200009,1,3,569913.0,2042610.0
200009,2,1,956023.0,7905477.0
200009,2,2,100606.0,566449.0
200009,2,3,855417.0,7339028.0
200009,3,1,398691.0,3208768.0
200009,3,2,136350.0,648197.0
200009,3,3,262341.0,2560571.0
200009,4,1,1101247.0,4677833.0
200009,4,2,442583.0,1353647.0
200009,4,3,658664.0,3324186.0
200009,5,1,535522.0,1180467.0
200009,5,2,262834.0,559261.0
200009,5,3,272688.0,621206.0
200009,6,1,6327590.0,26175432.0
200009,6,2,3188546.0,8768530.0
200009,6,3,3139042.0,17406901.0
200009,7,1,484426.0,2158967.0
200009,7,2,325509.0,1296703.0
200009,7,3,158917.0,862264.0
200010,1,1,1088940.0,3169814.0
200010,1,2,523771.0,1191064.0
200010,1,3,565169.0,1978750.0
200010,2,1,542781.0,5010094.0
200010,2,2,69457.0,377351.0
200010,2,3,473324.0,4632743.0
200010,3,1,451033.0,3387986.0
200010,3,2,131561.0,582821.0
200010,3,3,319472.0,2805165.0
200010,4,1,861886.0,3030901.0
200010,4,2,364631.0,852530.0
200010,4,3,497255.0,2178371.0
200010,5,1,553840.0,1241040.0
200010,5,2,274547.0,596418.0
200010,5,3,279293.0,644622.0
200010,6,1,5368961.0,20400125.0
200010,6,2,2798565.0,6823331.0
200010,6,3,2570396.0,13576793.0
200010,7,1,389555.0,1741794.0
200010,7,2,239219.0,906128.0
200010,7,3,150336.0,835666.0
200011,1,1,717173.0,1982384.0
200011,1,2,421476.0,900585.0
200011,1,3,295697.0,1081799.0
200011,2,1,155839.0,989532.0
200011,2,2,68782.0,291847.0
200011,2,3,87057.0,697685.0
200011,3,1,421713.0,3245059.0
200011,3,2,101737.0,417795.0
200011,3,3,319976.0,2827264.0
200011,4,1,545832.0,1308913.0
200011,4,2,297370.0,657381.0
200011,4,3,248462.0,651532.0
200011,5,1,481008.0,1045866.0
200011,5,2,280485.0,582066.0
200011,5,3,200523.0,463800.0
200011,6,1,3691092.0,11871141.0
200011,6,2,2283268.0,5213875.0
200011,6,3,1407826.0,6657268.0
200011,7,1,297467.0,1309061.0
200011,7,2,187121.0,638178.0
200011,7,3,110346.0,670883.0
200012,1,1,658273.0,1727206.0
200012,1,2,434716.0,946802.0
200012,1,3,223557.0,780404.0
200012,2,1,134472.0,630227.0
200012,2,2,62777.0,277426.0
200012,2,3,71695.0,352801.0
200012,3,1,389485.0,2913024.0
200012,3,2,103213.0,395029.0
200012,3,3,286272.0,2517995.0
200012,4,1,521715.0,1193341.0
200012,4,2,299640.0,655508.0
200012,4,3,222075.0,537833.0
200012,5,1,417075.0,927354.0
200012,5,2,253973.0,549690.0
200012,5,3,163102.0,377664.0
200012,6,1,3347855.0,10325261.0
200012,6,2,2176222.0,4933903.0
200012,6,3,1171635.0,5391360.0
200012,7,1,255920.0,1165665.0
200012,7,2,175543.0,568512.0
200012,7,3,80377.0,597153.0
200101,1,1,546634.0,1584533.0
200101,1,2,330105.0,765408.0
200101,1,3,216529.0,819125.0
200101,2,1,116314.0,917062.0
200101,2,2,54139.0,238854.0
200101,2,3,62176.0,678208.0
200101,3,1,379625.0,2967965.0
200101,3,2,76549.0,303410.0
200101,3,3,303075.0,2664556.0
200101,4,1,460241.0,1130168.0
200101,4,2,275758.0,672610.0
200101,4,3,184483.0,457558.0
200101,5,1,410958.0,882724.0
200101,5,2,242655.0,494645.0
200101,5,3,168303.0,388079.0
200101,6,1,3004915.0,10132886.0
200101,6,2,1876469.0,4371423.0
200101,6,3,1128446.0,5761463.0
200101,7,1,266134.0,1072913.0
200101,7,2,174121.0,522481.0
200101,7,3,92013.0,550431.0
200102,1,1,682651.0,1972851.0
200102,1,2,410942.0,911473.0
200102,1,3,271709.0,1061378.0
200102,2,1,233831.0,1537170.0
200102,2,2,96931.0,341673.0
200102,2,3,136901.0,1195496.0
200102,3,1,391100.0,3026704.0
200102,3,2,85028.0,321779.0
200102,3,3,306072.0,2704925.0
200102,4,1,542058.0,1338021.0
200102,4,2,315461.0,710042.0
200102,4,3,226598.0,627979.0
200102,5,1,420362.0,916090.0
200102,5,2,255410.0,516429.0
200102,5,3,164951.0,399661.0
200102,6,1,3518883.0,11753586.0
200102,6,2,2179135.0,4869295.0
200102,6,3,1339747.0,6884292.0
200102,7,1,298302.0,1178019.0
200102,7,2,195951.0,532808.0
200102,7,3,102351.0,645211.0
200103,1,1,942465.0,2681528.0
200103,1,2,498839.0,1127233.0
200103,1,3,443627.0,1554295.0
200103,2,1,306825.0,2045919.0
200103,2,2,102382.0,493173.0
200103,2,3,204443.0,1552746.0
200103,3,1,441319.0,3394424.0
200103,3,2,96244.0,371027.0
200103,3,3,345075.0,3023398.0
200103,4,1,641780.0,1614435.0
200103,4,2,340490.0,800202.0
200103,4,3,301290.0,814233.0
200103,5,1,507428.0,1089347.0
200103,5,2,282339.0,549840.0
200103,5,3,225089.0,539507.0
200103,6,1,4333254.0,14516657.0
200103,6,2,2519243.0,5913829.0
200103,6,3,1814012.0,8602828.0
200103,7,1,371182.0,1525612.0
200103,7,2,243610.0,719195.0
200103,7,3,127572.0,806417.0
200104,1,1,1177405.0,3356561.0
200104,1,2,593508.0,1546117.0
200104,1,3,583897.0,1810443.0
200104,2,1,507147.0,3149280.0
200104,2,2,129240.0,673106.0
200104,2,3,377908.0,2476175.0
200104,3,1,415386.0,3060353.0
200104,3,2,120933.0,487046.0
200104,3,3,294453.0,2573308.0
200104,4,1,907714.0,2789100.0
200104,4,2,428977.0,1192860.0
200104,4,3,478736.0,1596240.0
200104,5,1,493557.0,1113620.0
200104,5,2,247614.0,518714.0
200104,5,3,245942.0,594906.0
200104,6,1,5384678.0,18085751.0
200104,6,2,3020317.0,7873787.0
200104,6,3,2364361.0,10211964.0
200104,7,1,451476.0,1777970.0
200104,7,2,317963.0,1049604.0
200104,7,3,133513.0,728365.0
200105,1,1,1139659.0,3332843.0
200105,1,2,531526.0,1206313.0
200105,1,3,608133.0,2126529.0
200105,2,1,916571.0,6121581.0
200105,2,2,83910.0,352306.0
200105,2,3,832661.0,5769275.0
200105,3,1,365561.0,2863636.0
200105,3,2,96693.0,392726.0
200105,3,3,268868.0,2470911.0
200105,4,1,975098.0,3280897.0
200105,4,2,376105.0,856578.0
200105,4,3,598993.0,2424319.0
200105,5,1,508102.0,1125101.0
200105,5,2,263422.0,522139.0
200105,5,3,244680.0,602961.0
200105,6,1,5673119.0,21063744.0
200105,6,2,2664737.0,6292310.0
200105,6,3,3008382.0,14771434.0
200105,7,1,421645.0,1779645.0
200105,7,2,269708.0,923869.0
200105,7,3,151938.0,855775.0
200106,1,1,1088655.0,3486016.0
200106,1,2,579961.0,1449384.0
200106,1,3,508694.0,2036632.0
200106,2,1,945665.0,7360782.0
200106,2,2,90313.0,387411.0
200106,2,3,855352.0,6973371.0
200106,3,1,357324.0,2840656.0
200106,3,2,116239.0,446061.0
200106,3,3,241085.0,2394594.0
200106,4,1,1121672.0,4288770.0
200106,4,2,463621.0,1198969.0
200106,4,3,658051.0,3089801.0
200106,5,1,501602.0,1129875.0
200106,5,2,255350.0,518490.0
200106,5,3,246253.0,611385.0
200106,6,1,5914352.0,23896573.0
200106,6,2,2946672.0,7446393.0
200106,6,3,2967681.0,16450180.0
200106,7,1,472591.0,1963313.0
200106,7,2,323694.0,1164512.0
200106,7,3,148897.0,798801.0
200107,1,1,1039139.0,3893536.0
200107,1,2,587415.0,1964922.0
200107,1,3,451724.0,1928614.0
200107,2,1,1022101.0,8607675.0
200107,2,2,111406.0,491293.0
200107,2,3,910695.0,8116381.0
200107,3,1,394167.0,3326895.0
200107,3,2,135535.0,632271.0
200107,3,3,258632.0,2694623.0
200107,4,1,1263957.0,5786483.0
200107,4,2,466723.0,1525553.0
200107,4,3,797234.0,4260930.0
200107,5,1,459081.0,1013924.0
200107,5,2,222533.0,467532.0
200107,5,3,236549.0,546392.0
200107,6,1,6405959.0,28657024.0
200107,6,2,3244732.0,9645273.0
200107,6,3,3161227.0,19011751.0
200107,7,1,500902.0,2334350.0
200107,7,2,360708.0,1544085.0
200107,7,3,140194.0,790265.0
200108,1,1,1187229.0,4491249.0
200108,1,2,704163.0,2510161.0
200108,1,3,483066.0,1981088.0
200108,2,1,1097750.0,8970006.0
200108,2,2,146353.0,788270.0
200108,2,3,951397.0,8181736.0
200108,3,1,459705.0,3733719.0
200108,3,2,175592.0,913425.0
200108,3,3,284113.0,2820294.0
200108,4,1,1315740.0,6363372.0
200108,4,2,547106.0,2175867.0
200108,4,3,768634.0,4187505.0
200108,5,1,434065.0,905712.0
200108,5,2,213857.0,423037.0
200108,5,3,220207.0,482675.0
200108,6,1,7179051.0,32004309.0
200108,6,2,3917546.0,12873952.0
200108,6,3,3261505.0,19130357.0
200108,7,1,536000.0,2553803.0
200108,7,2,386350.0,1812487.0
200108,7,3,149650.0,741316.0
200109,1,1,1167267.0,3851445.0
200109,1,2,620766.0,1766112.0
200109,1,3,546501.0,2085332.0
200109,2,1,971582.0,8001671.0
200109,2,2,100955.0,509094.0
200109,2,3,870626.0,7492577.0
200109,3,1,394017.0,3239175.0
200109,3,2,133317.0,635022.0
200109,3,3,260700.0,2604153.0
200109,4,1,1139623.0,4870771.0
200109,4,2,445642.0,1353752.0
200109,4,3,693980.0,3517018.0
200109,5,1,504858.0,1093904.0
200109,5,2,275161.0,559171.0
200109,5,3,229697.0,534733.0
200109,6,1,6307038.0,26584837.0
200109,6,2,3223605.0,8960900.0
200109,6,3,3083433.0,17623937.0
200109,7,1,479795.0,2160495.0
200109,7,2,326846.0,1353438.0
200109,7,3,152949.0,807058.0
200110,1,1,1018515.0,3068010.0
200110,1,2,524537.0,1220867.0
200110,1,3,493978.0,1847143.0
200110,2,1,631483.0,5182355.0
200110,2,2,69409.0,253702.0
200110,2,3,562073.0,4928653.0
200110,3,1,439149.0,3307829.0
200110,3,2,128182.0,559416.0
200110,3,3,310967.0,2748413.0
200110,4,1,852821.0,2865902.0
200110,4,2,379525.0,847701.0
200110,4,3,473296.0,2018200.0
200110,5,1,488646.0,1065127.0
200110,5,2,271244.0,548254.0
200110,5,3,217403.0,516873.0
200110,6,1,5310403.0,20014768.0
200110,6,2,2859626.0,6752436.0
200110,6,3,2450777.0,13262332.0
200110,7,1,399525.0,1678421.0
200110,7,2,261577.0,920468.0
200110,7,3,137949.0,757953.0
200111,1,1,711605.0,1968872.0
200111,1,2,451058.0,991544.0
200111,1,3,260548.0,977328.0
200111,2,1,137137.0,940906.0
200111,2,2,49252.0,232313.0
200111,2,3,87885.0,708593.0
200111,3,1,405260.0,3177427.0
200111,3,2,101149.0,399540.0
200111,3,3,304111.0,2777887.0
200111,4,1,532171.0,1361023.0
200111,4,2,285271.0,678243.0
200111,4,3,246900.0,682779.0
200111,5,1,442332.0,972100.0
200111,5,2,272084.0,558164.0
200111,5,3,170248.0,413936.0
200111,6,1,3657828.0,11920037.0
200111,6,2,2336166.0,5478825.0
200111,6,3,1321662.0,6441212.0
200111,7,1,331968.0,1337901.0
200111,7,2,223165.0,734365.0
200111,7,3,108804.0,603536.0
200112,1,1,608112.0,1587840.0
200112,1,2,404877.0,865851.0
200112,1,3,203235.0,721989.0
200112,2,1,87937.0,606542.0
200112,2,2,35869.0,184891.0
200112,2,3,52068.0,421652.0
200112,3,1,376578.0,2841415.0
200112,3,2,92512.0,353528.0
200112,3,3,284067.0,2487887.0
200112,4,1,497719.0,1187059.0
200112,4,2,293495.0,694792.0
200112,4,3,204224.0,492267.0
200112,5,1,401858.0,876836.0
200112,5,2,258279.0,524543.0
200112,5,3,143579.0,352293.0
200112,6,1,3214821.0,10051397.0
200112,6,2,2104053.0,4782544.0
200112,6,3,1110768.0,5268853.0
200112,7,1,298909.0,1158043.0
200112,7,2,188756.0,582476.0
200112,7,3,110153.0,575567.0
200201,1,1,509629.0,1486369.0
200201,1,2,326782.0,708354.0
200201,1,3,182848.0,778015.0
200201,2,1,101662.0,732947.0
200201,2,2,44921.0,176262.0
200201,2,3,56741.0,556685.0
200201,3,1,387224.0,3023100.0
200201,3,2,84042.0,320838.0
200201,3,3,303181.0,2702262.0
200201,4,1,450701.0,1087992.0
200201,4,2,275269.0,644037.0
200201,4,3,175432.0,443955.0
200201,5,1,397542.0,866538.0
200201,5,2,254194.0,521753.0
200201,5,3,143347.0,344784.0
200201,6,1,2873435.0,9797644.0
200201,6,2,1824018.0,4162060.0
200201,6,3,1049417.0,5635583.0
200201,7,1,240564.0,1083682.0
200201,7,2,153228.0,486470.0
200201,7,3,87336.0,597212.0
200202,1,1,705132.0,1970514.0
200202,1,2,436738.0,919147.0
200202,1,3,268394.0,1051367.0
200202,2,1,210582.0,1253889.0
200202,2,2,72348.0,279182.0
200202,2,3,138233.0,974707.0
200202,3,1,398617.0,3042858.0
200202,3,2,93351.0,357736.0
200202,3,3,305267.0,2685122.0
200202,4,1,547029.0,1332788.0
200202,4,2,308199.0,710811.0
200202,4,3,238829.0,621978.0
200202,5,1,414745.0,913535.0
200202,5,2,256241.0,522158.0
200202,5,3,158504.0,391377.0
200202,6,1,3507891.0,11501625.0
200202,6,2,2163645.0,4878095.0
200202,6,3,1344246.0,6623530.0
200202,7,1,292592.0,1156644.0
200202,7,2,180989.0,509597.0
200202,7,3,111603.0,647047.0
200203,1,1,1013426.0,2970712.0
200203,1,2,570548.0,1424902.0
200203,1,3,442878.0,1545811.0
200203,2,1,333680.0,1926246.0
200203,2,2,110889.0,456905.0
200203,2,3,222790.0,1469341.0
200203,3,1,460839.0,3402276.0
200203,3,2,114473.0,452618.0
200203,3,3,346365.0,2949659.0
200203,4,1,747025.0,1964267.0
200203,4,2,391270.0,992561.0
200203,4,3,355755.0,971705.0
200203,5,1,461598.0,1030059.0
200203,5,2,260866.0,553217.0
200203,5,3,200731.0,476842.0
200203,6,1,4756621.0,15746849.0
200203,6,2,2863303.0,7167758.0
200203,6,3,1893318.0,8579091.0
200203,7,1,412656.0,1706527.0
200203,7,2,275293.0,900252.0
200203,7,3,137363.0,806275.0
200204,1,1,1071113.0,2989935.0
200204,1,2,519835.0,1239728.0
200204,1,3,551279.0,1750207.0
200204,2,1,415105.0,2197083.0
200204,2,2,129736.0,551193.0
200204,2,3,285369.0,1645890.0
200204,3,1,370739.0,2904209.0
200204,3,2,99268.0,419152.0
200204,3,3,271471.0,2485057.0
200204,4,1,862848.0,2568985.0
200204,4,2,360023.0,928477.0
200204,4,3,502825.0,1640508.0
200204,5,1,482129.0,1066592.0
200204,5,2,259605.0,530388.0
200204,5,3,222524.0,536205.0
200204,6,1,4853120.0,15757341.0
200204,6,2,2626016.0,6502711.0
200204,6,3,2227104.0,9254630.0
200204,7,1,406056.0,1620504.0
200204,7,2,262623.0,862147.0
200204,7,3,143432.0,758357.0
200205,1,1,1142717.0,3312627.0
200205,1,2,538749.0,1251376.0
200205,1,3,603968.0,2061251.0
200205,2,1,796521.0,5311712.0
200205,2,2,99167.0,393173.0
200205,2,3,697355.0,4918539.0
200205,3,1,329160.0,2544480.0
200205,3,2,107716.0,428739.0
200205,3,3,221444.0,2115741.0
200205,4,1,1045588.0,3613253.0
200205,4,2,399865.0,978675.0
200205,4,3,645723.0,2634577.0
200205,5,1,507117.0,1122012.0
200205,5,2,277818.0,571351.0
200205,5,3,229299.0,550661.0
200205,6,1,5677357.0,20427391.0
200205,6,2,2800938.0,6786378.0
200205,6,3,2876419.0,13641013.0
200205,7,1,428255.0,1746587.0
200205,7,2,281523.0,955895.0
200205,7,3,146732.0,790692.0
200206,1,1,1058659.0,3381888.0
200206,1,2,566614.0,1409972.0
200206,1,3,492045.0,1971916.0
200206,2,1,870262.0,6845550.0
200206,2,2,106177.0,473197.0
200206,2,3,764085.0,6372353.0
200206,3,1,326045.0,2599180.0
200206,3,2,106030.0,463617.0
200206,3,3,220016.0,2135562.0
200206,4,1,1101533.0,4154847.0
200206,4,2,448455.0,1110656.0
200206,4,3,653078.0,3044192.0
200206,5,1,504427.0,1083950.0
200206,5,2,267684.0,541843.0
200206,5,3,236742.0,542107.0
200206,6,1,5725690.0,22781459.0
200206,6,2,2909167.0,7408601.0
200206,6,3,2816523.0,15372858.0
200206,7,1,439321.0,1837455.0
200206,7,2,301025.0,1081732.0
200206,7,3,138296.0,755723.0
200207,1,1,1051003.0,3913235.0
200207,1,2,609376.0,2007873.0
200207,1,3,441627.0,1905362.0
200207,2,1,975183.0,7969057.0
200207,2,2,121313.0,642219.0
200207,2,3,853870.0,7326838.0
200207,3,1,396503.0,3187602.0
200207,3,2,160197.0,783010.0
200207,3,3,236307.0,2404592.0
200207,4,1,1280047.0,5652779.0
200207,4,2,468267.0,1446003.0
200207,4,3,811779.0,4206776.0
200207,5,1,474384.0,1006396.0
200207,5,2,249515.0,502889.0
200207,5,3,224869.0,503508.0
200207,6,1,6407711.0,27712422.0
200207,6,2,3326284.0,9926692.0
200207,6,3,3081427.0,17785730.0
200207,7,1,498639.0,2251236.0
200207,7,2,357868.0,1491489.0
200207,7,3,140771.0,759747.0
200208,1,1,1244358.0,4652740.0
200208,1,2,744093.0,2684092.0
200208,1,3,500265.0,1968648.0
200208,2,1,1072696.0,8688828.0
200208,2,2,158795.0,915172.0
200208,2,3,913901.0,7773656.0
200208,3,1,463935.0,3770993.0
200208,3,2,208748.0,1170081.0
200208,3,3,255187.0,2600912.0
200208,4,1,1364991.0,6307002.0
200208,4,2,548094.0,2120516.0
200208,4,3,816897.0,4186485.0
200208,5,1,461520.0,996055.0
200208,5,2,255709.0,553487.0
200208,5,3,205812.0,442568.0
200208,6,1,7383775.0,32147463.0
200208,6,2,4093306.0,13607146.0
200208,6,3,3290469.0,18540317.0
200208,7,1,571190.0,2619248.0
200208,7,2,414723.0,1836137.0
200208,7,3,156467.0,783111.0
200209,1,1,1190124.0,3964061.0
200209,1,2,620906.0,1780527.0
200209,1,3,569218.0,2183534.0
200209,2,1,833683.0,7065020.0
200209,2,2,95496.0,513861.0
200209,2,3,738187.0,6551159.0
200209,3,1,395055.0,3185886.0
200209,3,2,154999.0,818421.0
200209,3,3,240056.0,2367465.0
200209,4,1,1099545.0,4468935.0
200209,4,2,413339.0,1198043.0
200209,4,3,686206.0,3270892.0
200209,5,1,538816.0,1143273.0
200209,5,2,288113.0,588294.0
200209,5,3,250703.0,554978.0
200209,6,1,6224753.0,25483036.0
200209,6,2,3206586.0,9008303.0
200209,6,3,3018167.0,16474733.0
200209,7,1,482957.0,2216940.0
200209,7,2,318996.0,1321568.0
200209,7,3,163960.0,895372.0
200210,1,1,1037543.0,3001711.0
200210,1,2,514747.0,1135438.0
200210,1,3,522796.0,1866273.0
200210,2,1,513501.0,4292416.0
200210,2,2,68235.0,259573.0
200210,2,3,445266.0,4032843.0
200210,3,1,413178.0,3147445.0
200210,3,2,126638.0,563303.0
200210,3,3,286540.0,2584142.0
200210,4,1,942053.0,3129236.0
200210,4,2,371310.0,824137.0
200210,4,3,570743.0,2305099.0
200210,5,1,562394.0,1195003.0
200210,5,2,303035.0,594711.0
200210,5,3,259358.0,600292.0
200210,6,1,5360250.0,19395671.0
200210,6,2,2841697.0,6663524.0
200210,6,3,2518553.0,12732147.0
200210,7,1,423205.0,1760059.0
200210,7,2,266277.0,911496.0
200210,7,3,156927.0,848563.0
200211,1,1,718738.0,1884934.0
200211,1,2,442380.0,926160.0
200211,1,3,276358.0,958774.0
200211,2,1,107170.0,646790.0
200211,2,2,47197.0,210726.0
200211,2,3,59972.0,436064.0
200211,3,1,395429.0,3051525.0
200211,3,2,101510.0,428850.0
200211,3,3,293919.0,2622676.0
200211,4,1,587849.0,1397113.0
200211,4,2,321810.0,720207.0
200211,4,3,266039.0,676907.0
200211,5,1,464095.0,1031133.0
200211,5,2,279056.0,580652.0
200211,5,3,185039.0,450481.0
200211,6,1,3714810.0,11536070.0
200211,6,2,2363666.0,5460888.0
200211,6,3,1351144.0,6075182.0
200211,7,1,349346.0,1306691.0
200211,7,2,225843.0,681499.0
200211,7,3,123503.0,625191.0
200212,1,1,662262.0,1690540.0
200212,1,2,440436.0,972693.0
200212,1,3,221827.0,717847.0
200212,2,1,75813.0,425823.0
200212,2,2,42624.0,207551.0
200212,2,3,33188.0,218272.0
200212,3,1,385000.0,2888316.0
200212,3,2,100583.0,387991.0
200212,3,3,284417.0,2500325.0
200212,4,1,550391.0,1279674.0
200212,4,2,323181.0,722057.0
200212,4,3,227210.0,557617.0
200212,5,1,415599.0,882552.0
200212,5,2,259674.0,529570.0
200212,5,3,155925.0,352982.0
200212,6,1,3383399.0,10267810.0
200212,6,2,2239496.0,5146230.0
200212,6,3,1143903.0,5121580.0
200212,7,1,313192.0,1198130.0
200212,7,2,216200.0,659255.0
200212,7,3,96992.0,538875.0
200301,1,1,541473.0,1610013.0
200301,1,2,346135.0,806204.0
200301,1,3,195339.0,803808.0
200301,2,1,91519.0,660414.0
200301,2,2,44360.0,279646.0
200301,2,3,47159.0,380768.0
200301,3,1,373233.0,3148353.0
200301,3,2,75017.0,324954.0
200301,3,3,298216.0,2823399.0
200301,4,1,456869.0,1090887.0
200301,4,2,260207.0,619679.0
200301,4,3,196662.0,471208.0
200301,5,1,398369.0,856323.0
200301,5,2,244289.0,496947.0
200301,5,3,154080.0,359376.0
200301,6,1,2971006.0,10088783.0
200301,6,2,1866434.0,4476189.0
200301,6,3,1104571.0,5612594.0
200301,7,1,278707.0,1087784.0
200301,7,2,178279.0,540512.0
200301,7,3,100428.0,547272.0
200302,1,1,711525.0,2025028.0
200302,1,2,444851.0,945297.0
200302,1,3,266674.0,1079731.0
200302,2,1,149275.0,952668.0
200302,2,2,51265.0,266338.0
200302,2,3,98010.0,686330.0
200302,3,1,387075.0,3034649.0
200302,3,2,93108.0,361748.0
200302,3,3,293966.0,2672901.0
200302,4,1,530906.0,1269039.0
200302,4,2,298981.0,664620.0
200302,4,3,231925.0,604419.0
200302,5,1,434704.0,905552.0
200302,5,2,272237.0,526665.0
200302,5,3,162467.0,378887.0
200302,6,1,3463674.0,11135676.0
200302,6,2,2185902.0,4907859.0
200302,6,3,1277772.0,6227817.0
200302,7,1,332670.0,1177257.0
200302,7,2,219606.0,614805.0
200302,7,3,113064.0,562452.0
200303,1,1,922612.0,2648493.0
200303,1,2,516481.0,1163317.0
200303,1,3,406131.0,1485176.0
200303,2,1,250791.0,1685789.0
200303,2,2,75172.0,378163.0
200303,2,3,175619.0,1307625.0
200303,3,1,433125.0,3341794.0
200303,3,2,104580.0,416186.0
200303,3,3,328544.0,2925607.0
200303,4,1,701331.0,1783776.0
200303,4,2,348840.0,790051.0
200303,4,3,352491.0,993725.0
200303,5,1,488514.0,1050172.0
200303,5,2,279098.0,561757.0
200303,5,3,209417.0,488415.0
200303,6,1,4421552.0,14414114.0
200303,6,2,2621941.0,6106543.0
200303,6,3,1799611.0,8307571.0
200303,7,1,435529.0,1602082.0
200303,7,2,278618.0,829416.0
200303,7,3,156911.0,772666.0
200304,1,1,1176486.0,3376697.0
200304,1,2,630080.0,1576618.0
200304,1,3,546406.0,1800079.0
200304,2,1,436340.0,2595200.0
200304,2,2,100774.0,507565.0
200304,2,3,335566.0,2087636.0
200304,3,1,432823.0,3113897.0
200304,3,2,129888.0,548453.0
200304,3,3,302935.0,2565444.0
200304,4,1,914603.0,2764405.0
200304,4,2,412842.0,1079823.0
200304,4,3,501761.0,1684581.0
200304,5,1,489246.0,1059907.0
200304,5,2,278980.0,568579.0
200304,5,3,210266.0,491328.0
200304,6,1,5408500.0,17483719.0
200304,6,2,3096315.0,7706675.0
200304,6,3,2312185.0,9777044.0
200304,7,1,524601.0,1780723.0
200304,7,2,361129.0,1068894.0
200304,7,3,163472.0,711829.0
200305,1,1,1194069.0,3520912.0
200305,1,2,591890.0,1357473.0
200305,1,3,602178.0,2163440.0
200305,2,1,861627.0,5256242.0
200305,2,2,82463.0,319565.0
200305,2,3,779165.0,4936677.0
200305,3,1,371090.0,2866419.0
200305,3,2,121084.0,484457.0
200305,3,3,250006.0,2381962.0
200305,4,1,1058593.0,3480380.0
200305,4,2,418622.0,1001449.0
200305,4,3,639971.0,2478931.0
200305,5,1,504578.0,1092861.0
200305,5,2,280878.0,567503.0
200305,5,3,223701.0,525358.0
200305,6,1,5984961.0,20977540.0
200305,6,2,2987830.0,7106332.0
200305,6,3,2997131.0,13871208.0
200305,7,1,516990.0,1902245.0
200305,7,2,336060.0,1067709.0
200305,7,3,180930.0,834535.0
200306,1,1,1111065.0,3546326.0
200306,1,2,621309.0,1516111.0
200306,1,3,489756.0,2030215.0
200306,2,1,993612.0,7060639.0
200306,2,2,121329.0,476373.0
200306,2,3,872283.0,6584266.0
200306,3,1,346410.0,2826621.0
200306,3,2,116246.0,497915.0
200306,3,3,230164.0,2328706.0
200306,4,1,1218805.0,4415402.0
200306,4,2,516212.0,1296242.0
200306,4,3,702593.0,3119160.0
200306,5,1,506892.0,1076402.0
200306,5,2,278411.0,555454.0
200306,5,3,228481.0,520949.0
200306,6,1,6276681.0,24047255.0
200306,6,2,3268531.0,8085899.0
200306,6,3,3008150.0,15961355.0
200306,7,1,572772.0,2145610.0
200306,7,2,398061.0,1312294.0
200306,7,3,174711.0,833315.0
200307,1,1,1138231.0,4180115.0
200307,1,2,684396.0,2277039.0
200307,1,3,453835.0,1903076.0
200307,2,1,1098526.0,8264883.0
200307,2,2,146412.0,755139.0
200307,2,3,952114.0,7509744.0
200307,3,1,429549.0,3358231.0
200307,3,2,180557.0,855513.0
200307,3,3,248992.0,2502718.0
200307,4,1,1275234.0,5502420.0
200307,4,2,504411.0,1607095.0
200307,4,3,770822.0,3895325.0
200307,5,1,469151.0,990844.0
200307,5,2,247449.0,482894.0
200307,5,3,221702.0,507950.0
200307,6,1,6795963.0,28557092.0
200307,6,2,3604009.0,10712570.0
200307,6,3,3191954.0,17844523.0
200307,7,1,603520.0,2529040.0
200307,7,2,418127.0,1666534.0
200307,7,3,185393.0,862506.0
200308,1,1,1290094.0,4929711.0
200308,1,2,794374.0,2870709.0
200308,1,3,495720.0,2059002.0
200308,2,1,1189830.0,9333640.0
200308,2,2,176007.0,1103567.0
200308,2,3,1013823.0,8230073.0
200308,3,1,507512.0,4179793.0
200308,3,2,239504.0,1366862.0
200308,3,3,268008.0,2812931.0
200308,4,1,1383800.0,6536168.0
200308,4,2,586150.0,2340632.0
200308,4,3,797649.0,4195536.0
200308,5,1,436809.0,942739.0
200308,5,2,238190.0,499916.0
200308,5,3,198619.0,442823.0
200308,6,1,7697588.0,33851008.0
200308,6,2,4321876.0,14501388.0
200308,6,3,3375712.0,19349620.0
200308,7,1,631669.0,2792299.0
200308,7,2,448549.0,1930332.0
200308,7,3,183120.0,861967.0
200309,1,1,1231137.0,3991445.0
200309,1,2,682212.0,1929312.0
200309,1,3,548924.0,2062133.0
200309,2,1,902030.0,7338623.0
200309,2,2,111836.0,635458.0
200309,2,3,790193.0,6703165.0
200309,3,1,401975.0,3225080.0
200309,3,2,165736.0,886761.0
200309,3,3,236240.0,2338319.0
200309,4,1,1092787.0,4427793.0
200309,4,2,435677.0,1331423.0
200309,4,3,657109.0,3096370.0
200309,5,1,512799.0,1075409.0
200309,5,2,284291.0,564662.0
200309,5,3,228508.0,510747.0
200309,6,1,6517598.0,25943815.0
200309,6,2,3508436.0,9750160.0
200309,6,3,3009162.0,16193655.0
200309,7,1,560371.0,2267773.0
200309,7,2,381243.0,1440577.0
200309,7,3,179128.0,827196.0
200310,1,1,1089225.0,3168127.0
200310,1,2,559020.0,1281864.0
200310,1,3,530204.0,1886264.0
200310,2,1,543846.0,4313756.0
200310,2,2,82707.0,363030.0
200310,2,3,461139.0,3950726.0
200310,3,1,426191.0,3242393.0
200310,3,2,123909.0,579167.0
200310,3,3,302281.0,2663226.0
200310,4,1,953020.0,2976343.0
200310,4,2,374449.0,815427.0
200310,4,3,578571.0,2160916.0
200310,5,1,545660.0,1165352.0
200310,5,2,294411.0,577045.0
200310,5,3,251250.0,588307.0
200310,6,1,5537248.0,19635547.0
200310,6,2,2961468.0,7075513.0
200310,6,3,2575780.0,12560034.0
200310,7,1,475470.0,1833356.0
200310,7,2,298110.0,1028404.0
200310,7,3,177360.0,804952.0
200311,1,1,729691.0,1922393.0
200311,1,2,469129.0,1038021.0
200311,1,3,260562.0,884371.0
200311,2,1,102200.0,659346.0
200311,2,2,43694.0,254464.0
200311,2,3,58506.0,404882.0
200311,3,1,383349.0,3002148.0
200311,3,2,110393.0,440066.0
200311,3,3,272956.0,2562082.0
200311,4,1,598100.0,1376137.0
200311,4,2,294863.0,613629.0
200311,4,3,303237.0,762508.0
200311,5,1,512941.0,1085484.0
200311,5,2,296794.0,593551.0
200311,5,3,216146.0,491933.0
200311,6,1,3868099.0,11600240.0
200311,6,2,2478930.0,5602497.0
200311,6,3,1389169.0,5997743.0
200311,7,1,386246.0,1348923.0
200311,7,2,266492.0,775382.0
200311,7,3,119754.0,573542.0
200312,1,1,716742.0,1829592.0
200312,1,2,491977.0,1085734.0
200312,1,3,224765.0,743858.0
200312,2,1,83427.0,446529.0
200312,2,2,38012.0,179026.0
200312,2,3,45415.0,267504.0
200312,3,1,378054.0,2827376.0
200312,3,2,110019.0,407502.0
200312,3,3,268035.0,2419874.0
200312,4,1,590994.0,1302245.0
200312,4,2,330947.0,694581.0
200312,4,3,260047.0,607664.0
200312,5,1,452056.0,934723.0
200312,5,2,273799.0,542953.0
200312,5,3,178257.0,391770.0
200312,6,1,3588510.0,10426118.0
200312,6,2,2381098.0,5263796.0
200312,6,3,1207412.0,5162321.0
200312,7,1,331671.0,1141857.0
200312,7,2,234229.0,663343.0
200312,7,3,97441.0,478514.0
200401,1,1,602831.0,1783890.0
200401,1,2,389668.0,956090.0
200401,1,3,213163.0,827800.0
200401,2,1,74225.0,536001.0
200401,2,2,31757.0,196049.0
200401,2,3,42468.0,339952.0
200401,3,1,367608.0,3156037.0
200401,3,2,87077.0,381040.0
200401,3,3,280531.0,2774998.0
200401,4,1,480779.0,1146962.0
200401,4,2,268747.0,640406.0
200401,4,3,212032.0,506556.0
200401,5,1,438275.0,916122.0
200401,5,2,266591.0,528299.0
200401,5,3,171684.0,387823.0
200401,6,1,3153660.0,10404685.0
200401,6,2,2014826.0,4764150.0
200401,6,3,1138833.0,5640535.0
200401,7,1,302785.0,1128817.0
200401,7,2,201166.0,568966.0
200401,7,3,101619.0,559851.0
200402,1,1,841182.0,2332228.0
200402,1,2,556169.0,1241715.0
200402,1,3,285012.0,1090513.0
200402,2,1,175483.0,1030226.0
200402,2,2,66501.0,299716.0
200402,2,3,108982.0,730510.0
200402,3,1,402155.0,3116115.0
200402,3,2,105894.0,396612.0
200402,3,3,296261.0,2719502.0
200402,4,1,594854.0,1415762.0
200402,4,2,325147.0,710204.0
200402,4,3,269707.0,705558.0
200402,5,1,494214.0,1019942.0
200402,5,2,299746.0,586254.0
200402,5,3,194468.0,433689.0
200402,6,1,3970007.0,12278676.0
200402,6,2,2548353.0,5686798.0
200402,6,3,1421654.0,6591878.0
200402,7,1,386769.0,1300496.0
200402,7,2,267553.0,683046.0
200402,7,3,119217.0,617450.0
200403,1,1,1001314.0,2806013.0
200403,1,2,582325.0,1385884.0
200403,1,3,418989.0,1420129.0
200403,2,1,245325.0,1568340.0
200403,2,2,71205.0,396147.0
200403,2,3,174119.0,1172193.0
200403,3,1,438239.0,3245708.0
200403,3,2,114956.0,422485.0
200403,3,3,323283.0,2823223.0
200403,4,1,777524.0,1913358.0
200403,4,2,389284.0,860880.0
200403,4,3,388239.0,1052478.0
200403,5,1,523382.0,1098577.0
200403,5,2,301309.0,593024.0
200403,5,3,222073.0,505552.0
200403,6,1,4735606.0,14731784.0
200403,6,2,2886872.0,6658937.0
200403,6,3,1848734.0,8072847.0
200403,7,1,462044.0,1631494.0
200403,7,2,307928.0,855941.0
200403,7,3,154116.0,775553.0
200404,1,1,1210298.0,3446779.0
200404,1,2,676731.0,1793225.0
200404,1,3,533567.0,1653554.0
200404,2,1,393623.0,2359767.0
200404,2,2,103097.0,541388.0
200404,2,3,290526.0,1818379.0
200404,3,1,413898.0,2915032.0
200404,3,2,137078.0,562589.0
200404,3,3,276820.0,2352443.0
200404,4,1,1009022.0,2966525.0
200404,4,2,467824.0,1226691.0
200404,4,3,541198.0,1739834.0
200404,5,1,519649.0,1103873.0
200404,5,2,294860.0,589626.0
200404,5,3,224789.0,514248.0
200404,6,1,5591761.0,17537681.0
200404,6,2,3310414.0,8306562.0
200404,6,3,2281347.0,9231120.0
200404,7,1,496986.0,1696272.0
200404,7,2,343471.0,1000981.0
200404,7,3,153515.0,695292.0
200405,1,1,1179481.0,3381468.0
200405,1,2,620121.0,1418002.0
200405,1,3,559360.0,1963466.0
200405,2,1,817453.0,5036588.0
200405,2,2,91046.0,359442.0
200405,2,3,726407.0,4677146.0
200405,3,1,366353.0,2595483.0
200405,3,2,139110.0,523872.0
200405,3,3,227243.0,2071611.0
200405,4,1,1143919.0,3555002.0
200405,4,2,443858.0,1002130.0
200405,4,3,700061.0,2552872.0
200405,5,1,581007.0,1250755.0
200405,5,2,327455.0,661246.0
200405,5,3,253552.0,589509.0
200405,6,1,6211439.0,20624722.0
200405,6,2,3232971.0,7398208.0
200405,6,3,2978468.0,13226514.0
200405,7,1,520261.0,1779223.0
200405,7,2,351707.0,992624.0
200405,7,3,168555.0,786599.0
200406,1,1,1165519.0,3642957.0
200406,1,2,714941.0,1779343.0
200406,1,3,450578.0,1863614.0
200406,2,1,954413.0,6746879.0
200406,2,2,142908.0,572477.0
200406,2,3,811505.0,6174401.0
200406,3,1,364213.0,2689743.0
200406,3,2,151743.0,625233.0
200406,3,3,212470.0,2064510.0
200406,4,1,1220541.0,4221551.0
200406,4,2,548857.0,1340967.0
200406,4,3,671684.0,2880584.0
200406,5,1,575312.0,1152691.0
200406,5,2,335127.0,634025.0
200406,5,3,240185.0,518666.0
200406,6,1,6525030.0,23776940.0
200406,6,2,3650036.0,8906012.0
200406,6,3,2874994.0,14870928.0
200406,7,1,539467.0,2010284.0
200406,7,2,392535.0,1263801.0
200406,7,3,146931.0,746483.0
200407,1,1,1181748.0,4429703.0
200407,1,2,768148.0,2615396.0
200407,1,3,413601.0,1814307.0
200407,2,1,1156831.0,8323889.0
200407,2,2,175102.0,788312.0
200407,2,3,981729.0,7535577.0
200407,3,1,457669.0,3346072.0
200407,3,2,215062.0,1021881.0
200407,3,3,242607.0,2324192.0
200407,4,1,1354974.0,5503472.0
200407,4,2,555502.0,1722975.0
200407,4,3,799472.0,3780497.0
200407,5,1,520452.0,1055068.0
200407,5,2,295828.0,570508.0
200407,5,3,224623.0,484560.0
200407,6,1,7232976.0,29131986.0
200407,6,2,4051344.0,11777136.0
200407,6,3,3181632.0,17354850.0
200407,7,1,613434.0,2420308.0
200407,7,2,464503.0,1705546.0
200407,7,3,148931.0,714762.0
200408,1,1,1342908.0,5186059.0
200408,1,2,880085.0,3247023.0
200408,1,3,462823.0,1939037.0
200408,2,1,1289698.0,9264159.0
200408,2,2,229999.0,1231262.0
200408,2,3,1059699.0,8032897.0
200408,3,1,531941.0,4174486.0
200408,3,2,272599.0,1543766.0
200408,3,3,259343.0,2630720.0
200408,4,1,1460362.0,6612512.0
200408,4,2,639393.0,2530671.0
200408,4,3,820969.0,4081842.0
200408,5,1,477444.0,995505.0
200408,5,2,272674.0,549694.0
200408,5,3,204770.0,445811.0
200408,6,1,8174422.0,34472302.0
200408,6,2,4762452.0,15791552.0
200408,6,3,3411970.0,18680751.0
200408,7,1,672614.0,2829386.0
200408,7,2,501281.0,2062374.0
200408,7,3,171333.0,767012.0
200409,1,1,1278926.0,4169348.0
200409,1,2,744159.0,2118353.0
200409,1,3,534767.0,2050995.0
200409,2,1,942413.0,7340268.0
200409,2,2,115564.0,562142.0
200409,2,3,826849.0,6778126.0
200409,3,1,431042.0,3289071.0
200409,3,2,192938.0,982159.0
200409,3,3,238104.0,2306913.0
200409,4,1,1191148.0,4671042.0
200409,4,2,476807.0,1387389.0
200409,4,3,714341.0,3283652.0
200409,5,1,616873.0,1254662.0
200409,5,2,364293.0,695472.0
200409,5,3,252580.0,559190.0
200409,6,1,6996313.0,26878757.0
200409,6,2,3866299.0,10391873.0
200409,6,3,3130015.0,16486885.0
200409,7,1,596499.0,2332862.0
200409,7,2,420869.0,1519012.0
200409,7,3,175630.0,813850.0
200410,1,1,1180126.0,3445516.0
200410,1,2,668256.0,1581959.0
200410,1,3,511870.0,1863557.0
200410,2,1,612095.0,4537914.0
200410,2,2,103064.0,356211.0
200410,2,3,509031.0,4181703.0
200410,3,1,462461.0,3319934.0
200410,3,2,160366.0,696331.0
200410,3,3,302095.0,2623603.0
200410,4,1,1037729.0,3163773.0
200410,4,2,434234.0,963814.0
200410,4,3,603495.0,2199959.0
200410,5,1,658844.0,1384883.0
200410,5,2,395669.0,779619.0
200410,5,3,263175.0,605264.0
200410,6,1,6227271.0,21180295.0
200410,6,2,3563172.0,8332309.0
200410,6,3,2664099.0,12847986.0
200410,7,1,520328.0,1921966.0
200410,7,2,345933.0,1099111.0
200410,7,3,174395.0,822854.0
200411,1,1,768984.0,2122745.0
200411,1,2,507817.0,1213676.0
200411,1,3,261167.0,909069.0
200411,2,1,115388.0,661841.0
200411,2,2,49151.0,240950.0
200411,2,3,66238.0,420891.0
200411,3,1,402340.0,3199556.0
200411,3,2,114512.0,474755.0
200411,3,3,287828.0,2724801.0
200411,4,1,668241.0,1530891.0
200411,4,2,328992.0,674861.0
200411,4,3,339249.0,856030.0
200411,5,1,568463.0,1148195.0
200411,5,2,351512.0,666914.0
200411,5,3,216951.0,481281.0
200411,6,1,4135114.0,12294550.0
200411,6,2,2670646.0,5981330.0
200411,6,3,1464468.0,6313220.0
200411,7,1,386574.0,1361431.0
200411,7,2,260349.0,755392.0
200411,7,3,126225.0,606040.0
200412,1,1,781462.0,2099521.0
200412,1,2,545898.0,1349162.0
200412,1,3,235564.0,750359.0
200412,2,1,91790.0,436829.0
200412,2,2,38886.0,129662.0
200412,2,3,52904.0,307167.0
200412,3,1,390277.0,2960075.0
200412,3,2,122938.0,475547.0
200412,3,3,267340.0,2484528.0
200412,4,1,619625.0,1415009.0
200412,4,2,356805.0,787028.0
200412,4,3,262819.0,627980.0
200412,5,1,504691.0,1068698.0
200412,5,2,335160.0,663857.0
200412,5,3,169531.0,404841.0
200412,6,1,3877669.0,11384786.0
200412,6,2,2654019.0,6048682.0
200412,6,3,1223650.0,5336104.0
200412,7,1,367936.0,1247314.0
200412,7,2,265928.0,736671.0
200412,7,3,102007.0,510643.0
200501,1,1,656710.0,1927075.0
200501,1,2,431327.0,1069716.0
200501,1,3,225383.0,857360.0
200501,2,1,92534.0,558501.0
200501,2,2,39478.0,174525.0
200501,2,3,53056.0,383975.0
200501,3,1,394071.0,3363138.0
200501,3,2,90915.0,421623.0
200501,3,3,303156.0,2941516.0
200501,4,1,528966.0,1303370.0
200501,4,2,296276.0,716995.0
200501,4,3,232690.0,586374.0
200501,5,1,486136.0,1014621.0
200501,5,2,307121.0,605049.0
200501,5,3,179015.0,409572.0
200501,6,1,3356718.0,11088055.0
200501,6,2,2139281.0,5093502.0
200501,6,3,1217437.0,5994553.0
200501,7,1,310005.0,1193620.0
200501,7,2,203881.0,621586.0
200501,7,3,106124.0,572034.0
200502,1,1,863455.0,2333048.0
200502,1,2,587403.0,1327101.0
200502,1,3,276052.0,1005947.0
200502,2,1,170216.0,1015219.0
200502,2,2,60525.0,292429.0
200502,2,3,109691.0,722790.0
200502,3,1,385976.0,3086421.0
200502,3,2,104795.0,431084.0
200502,3,3,281181.0,2655338.0
200502,4,1,610556.0,1519768.0
200502,4,2,319728.0,756715.0
200502,4,3,290828.0,763053.0
200502,5,1,547229.0,1100845.0
200502,5,2,344358.0,648257.0
200502,5,3,202871.0,452588.0
200502,6,1,4048915.0,12430710.0
200502,6,2,2621061.0,5906300.0
200502,6,3,1427854.0,6524410.0
200502,7,1,408833.0,1380953.0
200502,7,2,277287.0,731674.0
200502,7,3,131546.0,649279.0
200503,1,1,1125785.0,3156112.0
200503,1,2,711579.0,1783076.0
200503,1,3,414205.0,1373036.0
200503,2,1,281121.0,1735817.0
200503,2,2,91687.0,492014.0
200503,2,3,189434.0,1243803.0
200503,3,1,448653.0,3245525.0
200503,3,2,146298.0,572760.0
200503,3,3,302355.0,2672765.0
200503,4,1,787691.0,2041604.0
200503,4,2,427741.0,1089849.0
200503,4,3,359950.0,951755.0
200503,5,1,574125.0,1218785.0
200503,5,2,335562.0,672634.0
200503,5,3,238563.0,546150.0
200503,6,1,5247632.0,16184767.0
200503,6,2,3391717.0,8291242.0
200503,6,3,1855915.0,7893526.0
200503,7,1,536567.0,1814508.0
200503,7,2,377555.0,1073724.0
200503,7,3,159012.0,740784.0
200504,1,1,1244921.0,3247098.0
200504,1,2,730231.0,1674530.0
200504,1,3,514690.0,1572568.0
200504,2,1,356214.0,2124591.0
200504,2,2,90725.0,508276.0
200504,2,3,265489.0,1616315.0
200504,3,1,384482.0,2804804.0
200504,3,2,132269.0,500652.0
200504,3,3,252214.0,2304152.0
200504,4,1,939492.0,2604279.0
200504,4,2,438540.0,1086154.0
200504,4,3,500952.0,1518125.0
200504,5,1,606953.0,1257182.0
200504,5,2,370750.0,707716.0
200504,5,3,236203.0,549466.0
200504,6,1,5516765.0,16480644.0
200504,6,2,3316778.0,7685716.0
200504,6,3,2199987.0,8794928.0
200504,7,1,519657.0,1729539.0
200504,7,2,353788.0,964085.0
200504,7,3,165869.0,765454.0
200505,1,1,1359034.0,3784394.0
200505,1,2,738469.0,1731682.0
200505,1,3,620565.0,2052712.0
200505,2,1,870048.0,5452375.0
200505,2,2,125998.0,587061.0
200505,2,3,744051.0,4865314.0
200505,3,1,364165.0,2582447.0
200505,3,2,150570.0,609903.0
200505,3,3,213595.0,1972545.0
200505,4,1,1228409.0,3936212.0
200505,4,2,520859.0,1303139.0
200505,4,3,707550.0,2633073.0
200505,5,1,647739.0,1354091.0
200505,5,2,378287.0,729211.0
200505,5,3,269452.0,624880.0
200505,6,1,6737689.0,22318874.0
200505,6,2,3646228.0,8756351.0
200505,6,3,3091461.0,13562524.0
200505,7,1,596252.0,2012270.0
200505,7,2,408738.0,1198394.0
200505,7,3,187515.0,813876.0
200506,1,1,1275316.0,3907878.0
200506,1,2,768235.0,1935738.0
200506,1,3,507081.0,1972141.0
200506,2,1,1029941.0,6966745.0
200506,2,2,171927.0,706835.0
200506,2,3,858014.0,6259910.0
200506,3,1,377637.0,2699865.0
200506,3,2,162026.0,662209.0
200506,3,3,215611.0,2037656.0
200506,4,1,1296324.0,4562239.0
200506,4,2,574366.0,1496023.0
200506,4,3,721958.0,3066216.0
200506,5,1,650335.0,1322134.0
200506,5,2,381305.0,707428.0
200506,5,3,269030.0,614706.0
200506,6,1,6971240.0,25042689.0
200506,6,2,3865747.0,9591276.0
200506,6,3,3105493.0,15451412.0
200506,7,1,628264.0,2255643.0
200506,7,2,437858.0,1376684.0
200506,7,3,190406.0,878959.0
200507,1,1,1311230.0,4900768.0
200507,1,2,845274.0,2906360.0
200507,1,3,465956.0,1994408.0
200507,2,1,1225111.0,8428456.0
200507,2,2,213867.0,975620.0
200507,2,3,1011244.0,7452836.0
200507,3,1,476419.0,3469212.0
200507,3,2,229653.0,1098342.0
200507,3,3,246766.0,2370870.0
200507,4,1,1487505.0,6022869.0
200507,4,2,613462.0,1898816.0
200507,4,3,874044.0,4124053.0
200507,5,1,596172.0,1190244.0
200507,5,2,346208.0,630810.0
200507,5,3,249965.0,559434.0
200507,6,1,7795374.0,31022067.0
200507,6,2,4366698.0,12921696.0
200507,6,3,3428676.0,18100371.0
200507,7,1,657304.0,2655612.0
200507,7,2,467330.0,1787902.0
200507,7,3,189974.0,867710.0
200508,1,1,1475153.0,5626929.0
200508,1,2,963716.0,3467240.0
200508,1,3,511437.0,2159689.0
200508,2,1,1292395.0,9324854.0
200508,2,2,248140.0,1362355.0
200508,2,3,1044254.0,7962498.0
200508,3,1,539850.0,4233244.0
200508,3,2,280287.0,1575281.0
200508,3,3,259563.0,2657963.0
200508,4,1,1555983.0,6848104.0
200508,4,2,676628.0,2587135.0
200508,4,3,879355.0,4260969.0
200508,5,1,535065.0,1107523.0
200508,5,2,315732.0,616487.0
200508,5,3,219333.0,491036.0
200508,6,1,8555081.0,35857571.0
200508,6,2,4985733.0,16576635.0
200508,6,3,3569348.0,19280936.0
200508,7,1,708423.0,3000816.0
200508,7,2,498306.0,2082121.0
200508,7,3,210117.0,918696.0
200509,1,1,1397111.0,4522937.0
200509,1,2,816846.0,2367817.0
200509,1,3,580265.0,2155120.0
200509,2,1,1063208.0,7853010.0
200509,2,2,132799.0,709740.0
200509,2,3,930410.0,7143270.0
200509,3,1,443809.0,3306629.0
200509,3,2,194747.0,983756.0
200509,3,3,249062.0,2322873.0
200509,4,1,1285049.0,4832845.0
200509,4,2,518387.0,1480397.0
200509,4,3,766662.0,3352448.0
200509,5,1,684501.0,1388659.0
200509,5,2,401476.0,748256.0
200509,5,3,283025.0,640403.0
200509,6,1,7442751.0,28313666.0
200509,6,2,4038043.0,11027323.0
200509,6,3,3404707.0,17286343.0
200509,7,1,623903.0,2480727.0
200509,7,2,417003.0,1511851.0
200509,7,3,206900.0,968876.0
200510,1,1,1238360.0,3628419.0
200510,1,2,705609.0,1665462.0
200510,1,3,532752.0,1962958.0
200510,2,1,617958.0,4862250.0
200510,2,2,106438.0,389507.0
200510,2,3,511520.0,4472743.0
200510,3,1,467890.0,3425031.0
200510,3,2,154919.0,707087.0
200510,3,3,312971.0,2717944.0
200510,4,1,1097426.0,3339513.0
200510,4,2,469247.0,1070737.0
200510,4,3,628179.0,2268776.0
200510,5,1,740806.0,1516813.0
200510,5,2,432786.0,803953.0
200510,5,3,308020.0,712860.0
200510,6,1,6414668.0,22163277.0
200510,6,2,3628419.0,8569218.0
200510,6,3,2786249.0,13594059.0
200510,7,1,539808.0,1993734.0
200510,7,2,357901.0,1115360.0
200510,7,3,181907.0,878374.0
200511,1,1,868055.0,2244311.0
200511,1,2,565223.0,1262978.0
200511,1,3,302833.0,981332.0
200511,2,1,111233.0,680102.0
200511,2,2,48566.0,267030.0
200511,2,3,62667.0,413072.0
200511,3,1,433466.0,3348402.0
200511,3,2,126124.0,524988.0
200511,3,3,307342.0,2823414.0
200511,4,1,692294.0,1617255.0
200511,4,2,326456.0,694900.0
200511,4,3,365839.0,922355.0
200511,5,1,663936.0,1317560.0
200511,5,2,414784.0,747345.0
200511,5,3,249152.0,570216.0
200511,6,1,4511989.0,13162420.0
200511,6,2,2898398.0,6405258.0
200511,6,3,1613591.0,6757162.0
200511,7,1,450067.0,1540732.0
200511,7,2,303342.0,861747.0
200511,7,3,146725.0,678985.0
200512,1,1,815258.0,2053304.0
200512,1,2,567535.0,1273535.0
200512,1,3,247723.0,779770.0
200512,2,1,90651.0,461136.0
200512,2,2,42416.0,179979.0
200512,2,3,48236.0,281156.0
200512,3,1,401290.0,2987169.0
200512,3,2,125685.0,515483.0
200512,3,3,275605.0,2471686.0
200512,4,1,636401.0,1496855.0
200512,4,2,349179.0,803710.0
200512,4,3,287222.0,693144.0
200512,5,1,572820.0,1143786.0
200512,5,2,369010.0,693987.0
200512,5,3,203810.0,449799.0
200512,6,1,4030203.0,11572418.0
200512,6,2,2702235.0,6050803.0
200512,6,3,1327967.0,5521615.0
200512,7,1,382111.0,1280360.0
200512,7,2,260408.0,716898.0
200512,7,3,121703.0,563462.0
200601,1,1,762909.0,2012943.0
200601,1,2,511591.0,1139031.0
200601,1,3,251319.0,873912.0
200601,2,1,121754.0,578404.0
200601,2,2,51517.0,192575.0
200601,2,3,70237.0,385829.0
200601,3,1,471565.0,3740912.0
200601,3,2,109909.0,477586.0
200601,3,3,361656.0,3263326.0
200601,4,1,623587.0,1374091.0
200601,4,2,327214.0,695413.0
200601,4,3,296373.0,678678.0
200601,5,1,592515.0,1140872.0
200601,5,2,396470.0,711275.0
200601,5,3,196045.0,429596.0
200601,6,1,4004676.0,12075662.0
200601,6,2,2551856.0,5543720.0
200601,6,3,1452820.0,6531942.0
200601,7,1,400477.0,1296648.0
200601,7,2,261711.0,679038.0
200601,7,3,138767.0,617609.0
200602,1,1,939322.0,2340786.0
200602,1,2,631161.0,1336637.0
200602,1,3,308162.0,1004148.0
200602,2,1,189798.0,935743.0
200602,2,2,74812.0,312371.0
200602,2,3,114987.0,623372.0
200602,3,1,482314.0,3429101.0
200602,3,2,124643.0,463933.0
200602,3,3,357671.0,2965169.0
200602,4,1,736182.0,1622361.0
200602,4,2,377153.0,780433.0
200602,4,3,359029.0,841928.0
200602,5,1,657665.0,1230201.0
200602,5,2,435441.0,761571.0
200602,5,3,222224.0,468630.0
200602,6,1,4709293.0,13221070.0
200602,6,2,3043034.0,6393933.0
200602,6,3,1666259.0,6827137.0
200602,7,1,497555.0,1424453.0
200602,7,2,353637.0,816524.0
200602,7,3,143918.0,607929.0
200603,1,1,1213760.0,3053482.0
200603,1,2,749371.0,1623222.0
200603,1,3,464390.0,1430260.0
200603,2,1,314109.0,1515100.0
200603,2,2,107194.0,506303.0
200603,2,3,206914.0,1008796.0
200603,3,1,555524.0,3926625.0
200603,3,2,144997.0,532468.0
200603,3,3,410527.0,3394156.0
200603,4,1,891154.0,2021384.0
200603,4,2,431836.0,911394.0
200603,4,3,459318.0,1109990.0
200603,5,1,726830.0,1355163.0
200603,5,2,459770.0,791838.0
200603,5,3,267060.0,563325.0
200603,6,1,5763835.0,16370344.0
200603,6,2,3553339.0,7710448.0
200603,6,3,2210496.0,8659896.0
200603,7,1,596801.0,1750282.0
200603,7,2,400080.0,998276.0
200603,7,3,196721.0,752005.0
200604,1,1,1532453.0,3975749.0
200604,1,2,915307.0,2199983.0
200604,1,3,617146.0,1775766.0
200604,2,1,514194.0,2688325.0
200604,2,2,167706.0,761476.0
200604,2,3,346488.0,1926849.0
200604,3,1,613152.0,3891608.0
200604,3,2,210808.0,760792.0
200604,3,3,402344.0,3130816.0
200604,4,1,1292487.0,3405984.0
200604,4,2,597046.0,1429304.0
200604,4,3,695441.0,1976680.0
200604,5,1,761280.0,1471461.0
200604,5,2,448357.0,797213.0
200604,5,3,312924.0,674247.0
200604,6,1,7293282.0,21185887.0
200604,6,2,4390094.0,10332751.0
200604,6,3,2903189.0,10853135.0
200604,7,1,697518.0,2152783.0
200604,7,2,487884.0,1336159.0
200604,7,3,209634.0,816624.0
200605,1,1,1531931.0,4009533.0
200605,1,2,820361.0,1812613.0
200605,1,3,711570.0,2196921.0
200605,2,1,958260.0,5503413.0
200605,2,2,133578.0,558778.0
200605,2,3,824681.0,4944636.0
200605,3,1,510150.0,3351154.0
200605,3,2,174590.0,689423.0
200605,3,3,335560.0,2661731.0
200605,4,1,1362450.0,3982360.0
200605,4,2,539562.0,1198359.0
200605,4,3,822888.0,2784001.0
200605,5,1,777545.0,1489052.0
200605,5,2,449373.0,785790.0
200605,5,3,328172.0,703262.0
200605,6,1,7591789.0,23734897.0
200605,6,2,3947962.0,8883711.0
200605,6,3,3643827.0,14851186.0
200605,7,1,683001.0,2131194.0
200605,7,2,445650.0,1236813.0
200605,7,3,237350.0,894380.0
200606,1,1,1488197.0,4307910.0
200606,1,2,896399.0,2155215.0
200606,1,3,591798.0,2152694.0
200606,2,1,1242240.0,7951513.0
200606,2,2,185113.0,797620.0
200606,2,3,1057126.0,7153892.0
200606,3,1,527893.0,3549446.0
200606,3,2,201427.0,812214.0
200606,3,3,326466.0,2737233.0
200606,4,1,1554843.0,4803257.0
200606,4,2,654517.0,1448189.0
200606,4,3,900326.0,3355068.0
200606,5,1,780699.0,1469197.0
200606,5,2,453008.0,776821.0
200606,5,3,327691.0,692376.0
200606,6,1,8156578.0,27996368.0
200606,6,2,4371721.0,10342158.0
200606,6,3,3784857.0,17654210.0
200606,7,1,718197.0,2399782.0
200606,7,2,499736.0,1487130.0
200606,7,3,218461.0,912652.0
200607,1,1,1558840.0,5206170.0
200607,1,2,1007311.0,3112351.0
200607,1,3,551530.0,2093819.0
200607,2,1,1411245.0,9257659.0
200607,2,2,236911.0,1076657.0
200607,2,3,1174334.0,8181002.0
200607,3,1,645290.0,4542752.0
200607,3,2,280355.0,1315110.0
200607,3,3,364935.0,3227641.0
200607,4,1,1779338.0,6339184.0
200607,4,2,700091.0,1877365.0
200607,4,3,1079247.0,4461819.0
200607,5,1,696133.0,1319413.0
200607,5,2,398045.0,684954.0
200607,5,3,298088.0,634459.0
200607,6,1,9057841.0,34105558.0
200607,6,2,4941982.0,13816338.0
200607,6,3,4115860.0,20289220.0
200607,7,1,811412.0,2884491.0
200607,7,2,578681.0,1972937.0
200607,7,3,232731.0,911554.0
200608,1,1,1732982.0,5880141.0
200608,1,2,1120758.0,3793832.0
200608,1,3,612225.0,2086310.0
200608,2,1,1476975.0,9705453.0
200608,2,2,308430.0,1509421.0
200608,2,3,1168545.0,8196032.0
200608,3,1,689300.0,5113923.0
200608,3,2,324845.0,1755129.0
200608,3,3,364455.0,3358794.0
200608,4,1,1823381.0,6828431.0
200608,4,2,773377.0,2493992.0
200608,4,3,1050005.0,4334439.0
200608,5,1,591857.0,1153885.0
200608,5,2,336355.0,616922.0
200608,5,3,255502.0,536963.0
200608,6,1,9713364.0,37636214.0
200608,6,2,5553617.0,17367092.0
200608,6,3,4159747.0,20269122.0
200608,7,1,837952.0,3153407.0
200608,7,2,596270.0,2226454.0
200608,7,3,241682.0,926953.0
200609,1,1,1600065.0,4694081.0
200609,1,2,929930.0,2451923.0
200609,1,3,670135.0,2242158.0
200609,2,1,1133308.0,7854437.0
200609,2,2,171359.0,746384.0
200609,2,3,961949.0,7108053.0
200609,3,1,596557.0,4114972.0
200609,3,2,245001.0,1139509.0
200609,3,3,351555.0,2975463.0
200609,4,1,1520871.0,5111659.0
200609,4,2,616461.0,1550891.0
200609,4,3,904410.0,3560768.0
200609,5,1,778974.0,1538177.0
200609,5,2,462776.0,832578.0
200609,5,3,316198.0,705599.0
200609,6,1,8420366.0,29918731.0
200609,6,2,4563672.0,11628069.0
200609,6,3,3856695.0,18290662.0
200609,7,1,735860.0,2540711.0
200609,7,2,497700.0,1577688.0
200609,7,3,238160.0,963024.0
200610,1,1,1423172.0,3762028.0
200610,1,2,825030.0,1835352.0
200610,1,3,598142.0,1926675.0
200610,2,1,731768.0,4666756.0
200610,2,2,133613.0,433769.0
200610,2,3,598155.0,4232987.0
200610,3,1,614446.0,4087622.0
200610,3,2,203086.0,817525.0
200610,3,3,411360.0,3270098.0
200610,4,1,1224432.0,3425979.0
200610,4,2,536658.0,1142285.0
200610,4,3,687774.0,2283695.0
200610,5,1,843930.0,1612283.0
200610,5,2,491780.0,866650.0
200610,5,3,352150.0,745633.0
200610,6,1,7357196.0,23372257.0
200610,6,2,4146937.0,9331419.0
200610,6,3,3210259.0,14040839.0
200610,7,1,660142.0,2207203.0
200610,7,2,437176.0,1246979.0
200610,7,3,222966.0,960223.0
200611,1,1,930006.0,2342991.0
200611,1,2,614144.0,1342133.0
200611,1,3,315862.0,1000859.0
200611,2,1,142697.0,759313.0
200611,2,2,62345.0,285369.0
200611,2,3,80352.0,473944.0
200611,3,1,557665.0,3795314.0
200611,3,2,150954.0,560761.0
200611,3,3,406711.0,3234553.0
200611,4,1,779396.0,1686938.0
200611,4,2,390578.0,755072.0
200611,4,3,388818.0,931867.0
200611,5,1,746680.0,1385158.0
200611,5,2,461273.0,791618.0
200611,5,3,285408.0,593540.0
200611,6,1,5114939.0,14269663.0
200611,6,2,3254904.0,6951324.0
200611,6,3,1860034.0,7318339.0
200611,7,1,549152.0,1674433.0
200611,7,2,362184.0,978624.0
200611,7,3,186968.0,695809.0
200612,1,1,894970.0,2223953.0
200612,1,2,631240.0,1396143.0
200612,1,3,263730.0,827810.0
200612,2,1,123525.0,640673.0
200612,2,2,59494.0,230852.0
200612,2,3,64030.0,409820.0
200612,3,1,546380.0,3628961.0
200612,3,2,179138.0,639592.0
200612,3,3,367242.0,2989369.0
200612,4,1,664754.0,1474401.0
200612,4,2,368338.0,780100.0
200612,4,3,296416.0,694301.0
200612,5,1,691464.0,1333451.0
200612,5,2,433722.0,784655.0
200612,5,3,257742.0,548796.0
200612,6,1,4672741.0,13141207.0
200612,6,2,3125022.0,6787290.0
200612,6,3,1547719.0,6353918.0
200612,7,1,465281.0,1437036.0
200612,7,2,327987.0,862373.0
200612,7,3,137294.0,574663.0
200701,1,1,763222.0,2041895.0
200701,1,2,504920.0,1144627.0
200701,1,3,258301.0,897268.0
200701,2,1,117278.0,610426.0
200701,2,2,52130.0,186061.0
200701,2,3,65147.0,424365.0
200701,3,1,506473.0,3849385.0
200701,3,2,114794.0,479659.0
200701,3,3,391679.0,3369726.0
200701,4,1,653543.0,1350445.0
200701,4,2,333657.0,667951.0
200701,4,3,319886.0,682494.0
200701,5,1,651356.0,1217168.0
200701,5,2,419175.0,721110.0
200701,5,3,232182.0,496057.0
200701,6,1,4158378.0,12356394.0
200701,6,2,2604319.0,5584479.0
200701,6,3,1554060.0,6771914.0
200701,7,1,406838.0,1307384.0
200701,7,2,269608.0,725930.0
200701,7,3,137231.0,581454.0
200702,1,1,965893.0,2411363.0
200702,1,2,661264.0,1396405.0
200702,1,3,304630.0,1014958.0
200702,2,1,171989.0,884840.0
200702,2,2,65017.0,232402.0
200702,2,3,106972.0,652438.0
200702,3,1,514470.0,3565749.0
200702,3,2,133917.0,488649.0
200702,3,3,380553.0,3077100.0
200702,4,1,724289.0,1586227.0
200702,4,2,366723.0,758979.0
200702,4,3,357566.0,827248.0
200702,5,1,708585.0,1296687.0
200702,5,2,440289.0,746553.0
200702,5,3,268295.0,550133.0
200702,6,1,4853246.0,13555040.0
200702,6,2,3088894.0,6437950.0
200702,6,3,1764351.0,7117090.0
200702,7,1,508572.0,1472806.0
200702,7,2,344763.0,861270.0
200702,7,3,163809.0,611536.0
200703,1,1,1282763.0,3210602.0
200703,1,2,803572.0,1704276.0
200703,1,3,479192.0,1506327.0
200703,2,1,285293.0,1541834.0
200703,2,2,94627.0,443017.0
200703,2,3,190666.0,1098817.0
200703,3,1,644549.0,4157043.0
200703,3,2,168253.0,550206.0
200703,3,3,476296.0,3606837.0
200703,4,1,940745.0,2167801.0
200703,4,2,450740.0,979121.0
200703,4,3,490005.0,1188679.0
200703,5,1,801183.0,1497367.0
200703,5,2,485542.0,828602.0
200703,5,3,315641.0,668765.0
200703,6,1,6151952.0,17428802.0
200703,6,2,3769341.0,8140429.0
200703,6,3,2382611.0,9288373.0
200703,7,1,627823.0,1892925.0
200703,7,2,432562.0,1150304.0
200703,7,3,195260.0,742621.0
200704,1,1,1537863.0,4042602.0
200704,1,2,921193.0,2221022.0
200704,1,3,616670.0,1821580.0
200704,2,1,492465.0,2642185.0
200704,2,2,141603.0,627685.0
200704,2,3,350862.0,2014500.0
200704,3,1,638901.0,3933000.0
200704,3,2,220086.0,824430.0
200704,3,3,418815.0,3108570.0
200704,4,1,1264049.0,3442536.0
200704,4,2,586135.0,1458368.0
200704,4,3,677914.0,1984168.0
200704,5,1,805734.0,1563782.0
200704,5,2,471264.0,828744.0
200704,5,3,334470.0,735038.0
200704,6,1,7394418.0,21690169.0
200704,6,2,4450863.0,10676929.0
200704,6,3,2943555.0,11013241.0
200704,7,1,714159.0,2226734.0
200704,7,2,505494.0,1486404.0
200704,7,3,208664.0,740329.0
200705,1,1,1486114.0,3867735.0
200705,1,2,814542.0,1764223.0
200705,1,3,671572.0,2103513.0
200705,2,1,932794.0,5247510.0
200705,2,2,132716.0,472675.0
200705,2,3,800078.0,4774834.0
200705,3,1,496073.0,3258757.0
200705,3,2,183911.0,682963.0
200705,3,3,312163.0,2575794.0
200705,4,1,1389651.0,3981166.0
200705,4,2,560747.0,1196726.0
200705,4,3,828904.0,2784440.0
200705,5,1,819537.0,1542257.0
200705,5,2,469004.0,793249.0
200705,5,3,350533.0,749008.0
200705,6,1,7639348.0,23486608.0
200705,6,2,4015617.0,8856229.0
200705,6,3,3623731.0,14630379.0
200705,7,1,692873.0,2181889.0
200705,7,2,457748.0,1298678.0
200705,7,3,235125.0,883210.0
200706,1,1,1567581.0,4373958.0
200706,1,2,953304.0,2212882.0
200706,1,3,614276.0,2161077.0
200706,2,1,1255692.0,7710875.0
200706,2,2,212283.0,809574.0
200706,2,3,1043409.0,6901300.0
200706,3,1,572388.0,3705539.0
200706,3,2,223442.0,903331.0
200706,3,3,348946.0,2802208.0
200706,4,1,1578653.0,4766044.0
200706,4,2,691176.0,1467504.0
200706,4,3,887477.0,3298540.0
200706,5,1,862544.0,1593526.0
200706,5,2,509472.0,847695.0
200706,5,3,353072.0,745831.0
200706,6,1,8555535.0,28459008.0
200706,6,2,4658070.0,10850954.0
200706,6,3,3897465.0,17608054.0
200706,7,1,760967.0,2523555.0
200706,7,2,523634.0,1573807.0
200706,7,3,237333.0,949749.0
200707,1,1,1628811.0,5292169.0
200707,1,2,1048029.0,3174081.0
200707,1,3,580782.0,2118088.0
200707,2,1,1402652.0,9253839.0
200707,2,2,238533.0,1048185.0
200707,2,3,1164119.0,8205654.0
200707,3,1,672836.0,4651273.0
200707,3,2,303704.0,1409390.0
200707,3,3,369131.0,3241884.0
200707,4,1,1701137.0,6156718.0
200707,4,2,657536.0,1786583.0
200707,4,3,1043601.0,4370135.0
200707,5,1,762587.0,1401638.0
200707,5,2,427302.0,720640.0
200707,5,3,335285.0,680998.0
200707,6,1,9176950.0,34315590.0
200707,6,2,5003539.0,13905160.0
200707,6,3,4173411.0,20410430.0
200707,7,1,825378.0,2983227.0
200707,7,2,584043.0,2022323.0
200707,7,3,241334.0,960904.0
200708,1,1,1851587.0,6088786.0
200708,1,2,1201019.0,3869984.0
200708,1,3,650568.0,2218803.0
200708,2,1,1444329.0,9517039.0
200708,2,2,257007.0,1264408.0
200708,2,3,1187323.0,8252631.0
200708,3,1,710613.0,5223189.0
200708,3,2,346675.0,1883707.0
200708,3,3,363938.0,3339482.0
200708,4,1,1828468.0,6847592.0
200708,4,2,718651.0,2298952.0
200708,4,3,1109817.0,4548639.0
200708,5,1,666930.0,1282916.0
200708,5,2,375292.0,672225.0
200708,5,3,291638.0,610691.0
200708,6,1,10025687.0,38132493.0
200708,6,2,5654061.0,17249956.0
200708,6,3,4371626.0,20882537.0
200708,7,1,896543.0,3308833.0
200708,7,2,633357.0,2322623.0
200708,7,3,263187.0,986210.0
200709,1,1,1684004.0,4781010.0
200709,1,2,983910.0,2468826.0
200709,1,3,700094.0,2312184.0
200709,2,1,1120506.0,7744604.0
200709,2,2,145220.0,687345.0
200709,2,3,975286.0,7057259.0
200709,3,1,605130.0,4068148.0
200709,3,2,252861.0,1150830.0
200709,3,3,352269.0,2917318.0
200709,4,1,1490177.0,5116330.0
200709,4,2,560892.0,1424699.0
200709,4,3,929285.0,3691631.0
200709,5,1,838287.0,1596385.0
200709,5,2,478298.0,831715.0
200709,5,3,359990.0,764670.0
200709,6,1,8621798.0,30142242.0
200709,6,2,4604220.0,11609665.0
200709,6,3,4017579.0,18532576.0
200709,7,1,734420.0,2580090.0
200709,7,2,492137.0,1615826.0
200709,7,3,242282.0,964263.0
200710,1,1,1482080.0,3855464.0
200710,1,2,853316.0,1753468.0
200710,1,3,628764.0,2101996.0
200710,2,1,631117.0,4353990.0
200710,2,2,97699.0,324136.0
200710,2,3,533418.0,4029854.0
200710,3,1,657269.0,4105091.0
200710,3,2,215317.0,829550.0
200710,3,3,441952.0,3275541.0
200710,4,1,1263195.0,3553792.0
200710,4,2,518404.0,1071226.0
200710,4,3,744791.0,2482566.0
200710,5,1,888641.0,1667002.0
200710,5,2,506561.0,864980.0
200710,5,3,382080.0,802021.0
200710,6,1,7540505.0,23476804.0
200710,6,2,4224929.0,9206010.0
200710,6,3,3315576.0,14270794.0
200710,7,1,616065.0,2097005.0
200710,7,2,403636.0,1205523.0
200710,7,3,212429.0,891482.0
200711,1,1,1001970.0,2512181.0
200711,1,2,675708.0,1475762.0
200711,1,3,326262.0,1036419.0
200711,2,1,148366.0,694003.0
200711,2,2,59357.0,223918.0
200711,2,3,89009.0,470085.0
200711,3,1,615460.0,4054800.0
200711,3,2,165761.0,600337.0
200711,3,3,449699.0,3454463.0
200711,4,1,870603.0,1767618.0
200711,4,2,415458.0,790993.0
200711,4,3,455145.0,976625.0
200711,5,1,794982.0,1486929.0
200711,5,2,479689.0,808683.0
200711,5,3,315293.0,678247.0
200711,6,1,5534255.0,15289839.0
200711,6,2,3502020.0,7527475.0
200711,6,3,2032235.0,7762364.0
200711,7,1,544773.0,1741296.0
200711,7,2,366556.0,1034120.0
200711,7,3,178217.0,707176.0
200712,1,1,879725.0,2199875.0
200712,1,2,605914.0,1338316.0
200712,1,3,273811.0,861559.0
200712,2,1,106864.0,520506.0
200712,2,2,44996.0,160688.0
200712,2,3,61867.0,359819.0
200712,3,1,611390.0,3864067.0
200712,3,2,165489.0,564733.0
200712,3,3,445901.0,3299334.0
200712,4,1,720725.0,1547436.0
200712,4,2,375453.0,769728.0
200712,4,3,345271.0,777707.0
200712,5,1,707357.0,1343523.0
200712,5,2,433982.0,753579.0
200712,5,3,273375.0,589944.0
200712,6,1,4771361.0,13356493.0
200712,6,2,3064815.0,6551469.0
200712,6,3,1706545.0,6805024.0
200712,7,1,452971.0,1420988.0
200712,7,2,315428.0,843658.0
200712,7,3,137543.0,577330.0
200801,1,1,789806.0,2049803.0
200801,1,2,531014.0,1156628.0
200801,1,3,258792.0,893175.0
200801,2,1,117456.0,574891.0
200801,2,2,41741.0,141838.0
200801,2,3,75715.0,433053.0
200801,3,1,579129.0,3991178.0
200801,3,2,136993.0,503478.0
200801,3,3,442136.0,3487700.0
200801,4,1,665963.0,1419329.0
200801,4,2,342213.0,693905.0
200801,4,3,323750.0,725423.0
200801,5,1,671006.0,1254030.0
200801,5,2,419684.0,716556.0
200801,5,3,251322.0,537474.0
200801,6,1,4328480.0,12710146.0
200801,6,2,2673147.0,5661599.0
200801,6,3,1655332.0,7048547.0
200801,7,1,388405.0,1289627.0
200801,7,2,252123.0,669116.0
200801,7,3,136283.0,620510.0
200802,1,1,1028963.0,2595883.0
200802,1,2,711403.0,1484560.0
200802,1,3,317560.0,1111324.0
200802,2,1,179875.0,962356.0
200802,2,2,73496.0,316932.0
200802,2,3,106379.0,645424.0
200802,3,1,607348.0,4004943.0
200802,3,2,154449.0,536355.0
200802,3,3,452899.0,3468588.0
200802,4,1,800185.0,1720014.0
200802,4,2,409171.0,825541.0
200802,4,3,391013.0,894473.0
200802,5,1,750848.0,1375250.0
200802,5,2,461028.0,767211.0
200802,5,3,289820.0,608039.0
200802,6,1,5242247.0,14831691.0
200802,6,2,3326713.0,7028946.0
200802,6,3,1915534.0,7802745.0
200802,7,1,518271.0,1562471.0
200802,7,2,346238.0,891284.0
200802,7,3,172033.0,671188.0
200803,1,1,1353197.0,3557838.0
200803,1,2,862035.0,2004562.0
200803,1,3,491162.0,1553276.0
200803,2,1,333473.0,1713529.0
200803,2,2,117694.0,506532.0
200803,2,3,215779.0,1206997.0
200803,3,1,673411.0,4304810.0
200803,3,2,186935.0,734000.0
200803,3,3,486475.0,3570809.0
200803,4,1,1089933.0,2607848.0
200803,4,2,546784.0,1270000.0
200803,4,3,543148.0,1337847.0
200803,5,1,815732.0,1517591.0
200803,5,2,478756.0,802919.0
200803,5,3,336975.0,714672.0
200803,6,1,6614348.0,19216126.0
200803,6,2,4097905.0,9562449.0
200803,6,3,2516444.0,9653678.0
200803,7,1,633232.0,1993175.0
200803,7,2,435668.0,1209251.0
200803,7,3,197564.0,783923.0
200804,1,1,1391359.0,3548134.0
200804,1,2,788451.0,1679633.0
200804,1,3,602908.0,1868501.0
200804,2,1,464488.0,2423758.0
200804,2,2,139284.0,655600.0
200804,2,3,325203.0,1768158.0
200804,3,1,632900.0,3910836.0
200804,3,2,198520.0,731192.0
200804,3,3,434380.0,3179645.0
200804,4,1,1148865.0,2946554.0
200804,4,2,480227.0,1121654.0
200804,4,3,668638.0,1824901.0
200804,5,1,816873.0,1524152.0
200804,5,2,472038.0,774015.0
200804,5,3,344835.0,750137.0
200804,6,1,6656665.0,19300764.0
200804,6,2,3744345.0,8471861.0
200804,6,3,2912321.0,10828903.0
200804,7,1,592710.0,1868049.0
200804,7,2,378428.0,1036800.0
200804,7,3,214282.0,831249.0
200805,1,1,1591878.0,4212308.0
200805,1,2,890627.0,1964317.0
200805,1,3,701251.0,2247991.0
200805,2,1,993347.0,5533231.0
200805,2,2,138433.0,463941.0
200805,2,3,854913.0,5069290.0
200805,3,1,592227.0,3679402.0
200805,3,2,233700.0,871019.0
200805,3,3,358528.0,2808383.0
200805,4,1,1439716.0,4061773.0
200805,4,2,539903.0,1205816.0
200805,4,3,899814.0,2855957.0
200805,5,1,873943.0,1658305.0
200805,5,2,496042.0,840689.0
200805,5,3,377901.0,817616.0
200805,6,1,8109904.0,25060656.0
200805,6,2,4226211.0,9512722.0
200805,6,3,3883693.0,15547934.0
200805,7,1,656920.0,2114631.0
200805,7,2,421501.0,1183700.0
200805,7,3,235419.0,930931.0
200806,1,1,1526629.0,4256539.0
200806,1,2,944015.0,2165891.0
200806,1,3,582614.0,2090649.0
200806,2,1,1209479.0,7333211.0
200806,2,2,215961.0,834534.0
200806,2,3,993519.0,6498677.0
200806,3,1,599504.0,3852750.0
200806,3,2,245499.0,967178.0
200806,3,3,354005.0,2885571.0
200806,4,1,1530475.0,4747373.0
200806,4,2,610846.0,1303158.0
200806,4,3,919629.0,3444215.0
200806,5,1,830041.0,1505898.0
200806,5,2,478965.0,774749.0
200806,5,3,351077.0,731149.0
200806,6,1,8280336.0,27737509.0
200806,6,2,4443768.0,10443013.0
200806,6,3,3836568.0,17294496.0
200806,7,1,669324.0,2311444.0
200806,7,2,447087.0,1414224.0
200806,7,3,222237.0,897221.0
200807,1,1,1625313.0,5386651.0
200807,1,2,1063864.0,3177325.0
200807,1,3,561449.0,2209326.0
200807,2,1,1355683.0,9167797.0
200807,2,2,233569.0,987969.0
200807,2,3,1122114.0,8179828.0
200807,3,1,706348.0,4746892.0
200807,3,2,311295.0,1362634.0
200807,3,3,395053.0,3384258.0
200807,4,1,1763696.0,6318702.0
200807,4,2,662048.0,1705424.0
200807,4,3,1101648.0,4613278.0
200807,5,1,774520.0,1426099.0
200807,5,2,415570.0,688605.0
200807,5,3,358950.0,737494.0
200807,6,1,9219035.0,34559658.0
200807,6,2,4977811.0,13599423.0
200807,6,3,4241225.0,20960235.0
200807,7,1,783765.0,2877028.0
200807,7,2,533800.0,1907352.0
200807,7,3,249965.0,969676.0
200808,1,1,1834577.0,6108403.0
200808,1,2,1208108.0,3887399.0
200808,1,3,626468.0,2221004.0
200808,2,1,1417309.0,9509736.0
200808,2,2,272413.0,1287137.0
200808,2,3,1144896.0,8222598.0
200808,3,1,732185.0,5257962.0
200808,3,2,360683.0,1859799.0
200808,3,3,371501.0,3398164.0
200808,4,1,1847247.0,6921497.0
200808,4,2,713187.0,2233600.0
200808,4,3,1134061.0,4687897.0
200808,5,1,653887.0,1247736.0
200808,5,2,356570.0,618521.0
200808,5,3,297316.0,629216.0
200808,6,1,9954774.0,37945216.0
200808,6,2,5584157.0,16843151.0
200808,6,3,4370616.0,21102064.0
200808,7,1,899604.0,3227055.0
200808,7,2,619693.0,2222651.0
200808,7,3,279912.0,1004404.0
200809,1,1,1637086.0,4750159.0
200809,1,2,946993.0,2443046.0
200809,1,3,690093.0,2307113.0
200809,2,1,1061111.0,7357176.0
200809,2,2,144038.0,675244.0
200809,2,3,917073.0,6681932.0
200809,3,1,614613.0,4082556.0
200809,3,2,252989.0,1138910.0
200809,3,3,361624.0,2943646.0
200809,4,1,1453591.0,4970878.0
200809,4,2,551652.0,1381966.0
200809,4,3,901939.0,3588912.0
200809,5,1,793689.0,1491092.0
200809,5,2,441352.0,742904.0
200809,5,3,352337.0,748188.0
200809,6,1,8359855.0,29305643.0
200809,6,2,4425435.0,11188118.0
200809,6,3,3934420.0,18117526.0
200809,7,1,710198.0,2524888.0
200809,7,2,453472.0,1501084.0
200809,7,3,256726.0,1023804.0
200810,1,1,1330722.0,3609583.0
200810,1,2,749821.0,1583105.0
200810,1,3,580901.0,2026478.0
200810,2,1,627644.0,4173854.0
200810,2,2,102707.0,323886.0
200810,2,3,524936.0,3849967.0
200810,3,1,619902.0,4009443.0
200810,3,2,187498.0,742372.0
200810,3,3,432405.0,3267071.0
200810,4,1,1228826.0,3376629.0
200810,4,2,486349.0,973852.0
200810,4,3,742477.0,2402778.0
200810,5,1,822673.0,1550072.0
200810,5,2,474934.0,789772.0
200810,5,3,347739.0,760299.0
200810,6,1,7035977.0,22253202.0
200810,6,2,3839709.0,8397307.0
200810,6,3,3196269.0,13855895.0
200810,7,1,580184.0,2012838.0
200810,7,2,358585.0,1096334.0
200810,7,3,221599.0,916504.0
200811,1,1,883655.0,2206981.0
200811,1,2,588890.0,1242592.0
200811,1,3,294765.0,964389.0
200811,2,1,118254.0,539529.0
200811,2,2,51833.0,195118.0
200811,2,3,66422.0,344411.0
200811,3,1,596520.0,3942859.0
200811,3,2,160674.0,603588.0
200811,3,3,435846.0,3339271.0
200811,4,1,772879.0,1606551.0
200811,4,2,367344.0,698269.0
200811,4,3,405535.0,908283.0
200811,5,1,691883.0,1291261.0
200811,5,2,437934.0,729783.0
200811,5,3,253950.0,561478.0
200811,6,1,4870882.0,13685099.0
200811,6,2,3072911.0,6587614.0
200811,6,3,1797971.0,7097485.0
200811,7,1,460085.0,1498967.0
200811,7,2,307381.0,901177.0
200811,7,3,152705.0,597790.0
200812,1,1,776154.0,1889267.0
200812,1,2,550400.0,1153161.0
200812,1,3,225753.0,736106.0
200812,2,1,84955.0,344207.0
200812,2,2,39323.0,114386.0
200812,2,3,45632.0,229821.0
200812,3,1,560697.0,3616719.0
200812,3,2,145789.0,509923.0
200812,3,3,414908.0,3106796.0
200812,4,1,696352.0,1453094.0
200812,4,2,389676.0,766491.0
200812,4,3,306676.0,686602.0
200812,5,1,674550.0,1236327.0
200812,5,2,431081.0,726266.0
200812,5,3,243468.0,510060.0
200812,6,1,4326374.0,11946130.0
200812,6,2,2829046.0,5892089.0
200812,6,3,1497327.0,6054041.0
200812,7,1,388899.0,1251809.0
200812,7,2,275404.0,747664.0
200812,7,3,113495.0,504145.0
200901,1,1,634740.0,1720119.0
200901,1,2,434943.0,998418.0
200901,1,3,199797.0,721701.0
200901,2,1,81227.0,368782.0
200901,2,2,31470.0,89245.0
200901,2,3,49756.0,279537.0
200901,3,1,499712.0,3789452.0
200901,3,2,122473.0,496418.0
200901,3,3,377240.0,3293034.0
200901,4,1,606275.0,1222648.0
200901,4,2,325115.0,603776.0
200901,4,3,281160.0,618872.0
200901,5,1,622059.0,1159734.0
200901,5,2,385870.0,649826.0
200901,5,3,236189.0,509908.0
200901,6,1,3716510.0,11203819.0
200901,6,2,2331000.0,4971705.0
200901,6,3,1385510.0,6232114.0
200901,7,1,316380.0,1115865.0
200901,7,2,210493.0,591168.0
200901,7,3,105887.0,524696.0
200902,1,1,872228.0,2155709.0
200902,1,2,629706.0,1301227.0
200902,1,3,242522.0,854482.0
200902,2,1,150986.0,759340.0
200902,2,2,63692.0,266944.0
200902,2,3,87295.0,492396.0
200902,3,1,482769.0,3433707.0
200902,3,2,128351.0,480634.0
200902,3,3,354418.0,2953074.0
200902,4,1,711604.0,1505527.0
200902,4,2,362541.0,700718.0
200902,4,3,349064.0,804809.0
200902,5,1,646360.0,1178552.0
200902,5,2,406701.0,673987.0
200902,5,3,239659.0,504564.0
200902,6,1,4447323.0,12527991.0
200902,6,2,2892445.0,6073570.0
200902,6,3,1554878.0,6454422.0
200902,7,1,449158.0,1329013.0
200902,7,2,319971.0,801338.0
200902,7,3,129188.0,527676.0
200903,1,1,1029116.0,2701076.0
200903,1,2,668853.0,1480102.0
200903,1,3,360263.0,1220974.0
200903,2,1,252461.0,1406485.0
200903,2,2,92995.0,459549.0
200903,2,3,159466.0,946936.0
200903,3,1,561012.0,3791794.0
200903,3,2,145218.0,529390.0
200903,3,3,415793.0,3262403.0
200903,4,1,829566.0,1893311.0
200903,4,2,399190.0,864911.0
200903,4,3,430375.0,1028400.0
200903,5,1,718263.0,1325591.0
200903,5,2,426046.0,695615.0
200903,5,3,292217.0,629977.0
200903,6,1,5303127.0,15536341.0
200903,6,2,3292594.0,7385214.0
200903,6,3,2010533.0,8151127.0
200903,7,1,534149.0,1700733.0
200903,7,2,372090.0,1029848.0
200903,7,3,162059.0,670884.0
200904,1,1,1308304.0,3516978.0
200904,1,2,798768.0,1987183.0
200904,1,3,509536.0,1529794.0
200904,2,1,467839.0,2581254.0
200904,2,2,120678.0,619195.0
200904,2,3,347161.0,1962059.0
200904,3,1,541119.0,3622527.0
200904,3,2,185630.0,718868.0
200904,3,3,355490.0,2903659.0
200904,4,1,1227664.0,3256710.0
200904,4,2,568245.0,1367961.0
200904,4,3,659419.0,1888749.0
200904,5,1,741570.0,1420772.0
200904,5,2,421592.0,712236.0
200904,5,3,319978.0,708536.0
200904,6,1,6542718.0,19591068.0
200904,6,2,3878166.0,9403135.0
200904,6,3,2664552.0,10187933.0
200904,7,1,595943.0,1925454.0
200904,7,2,415097.0,1247530.0
200904,7,3,180846.0,677924.0
200905,1,1,1391456.0,3671941.0
200905,1,2,786525.0,1747625.0
200905,1,3,604932.0,1924316.0
200905,2,1,887122.0,5084655.0
200905,2,2,123438.0,443293.0
200905,2,3,763684.0,4641362.0
200905,3,1,461900.0,3055173.0
200905,3,2,172054.0,642205.0
200905,3,3,289846.0,2412968.0
200905,4,1,1415412.0,3964448.0
200905,4,2,580221.0,1319415.0
200905,4,3,835192.0,2645034.0
200905,5,1,810805.0,1541167.0
200905,5,2,457023.0,764257.0
200905,5,3,353782.0,776910.0
200905,6,1,7378804.0,22661503.0
200905,6,2,3939334.0,8823463.0
200905,6,3,3439471.0,13838041.0
200905,7,1,630930.0,1952409.0
200905,7,2,431972.0,1185669.0
200905,7,3,198958.0,766740.0
200906,1,1,1402449.0,4150969.0
200906,1,2,900252.0,2196406.0
200906,1,3,502197.0,1954563.0
200906,2,1,1097765.0,6929028.0
200906,2,2,174644.0,698558.0
200906,2,3,923121.0,6230470.0
200906,3,1,517502.0,3448890.0
200906,3,2,208665.0,824072.0
200906,3,3,308837.0,2624818.0
200906,4,1,1444466.0,4532384.0
200906,4,2,616250.0,1379199.0
200906,4,3,828217.0,3153185.0
200906,5,1,742296.0,1358249.0
200906,5,2,419682.0,678098.0
200906,5,3,322614.0,680151.0
200906,6,1,7630129.0,26082353.0
200906,6,2,4188954.0,9964518.0
200906,6,3,3441176.0,16117834.0
200906,7,1,655273.0,2241147.0
200906,7,2,465322.0,1422926.0
200906,7,3,189951.0,818220.0
200907,1,1,1570826.0,5244430.0
200907,1,2,1068358.0,3308420.0
200907,1,3,502468.0,1936010.0
200907,2,1,1207234.0,8469148.0
200907,2,2,200640.0,948509.0
200907,2,3,1006594.0,7520639.0
200907,3,1,623559.0,4379068.0
200907,3,2,289019.0,1370723.0
200907,3,3,334540.0,3008345.0
200907,4,1,1686668.0,6087668.0
200907,4,2,683238.0,1828292.0
200907,4,3,1003430.0,4259376.0
200907,5,1,743590.0,1363618.0
200907,5,2,417548.0,675494.0
200907,5,3,326042.0,688124.0
200907,6,1,8712905.0,32764251.0
200907,6,2,4888672.0,13703961.0
200907,6,3,3824232.0,19060290.0
200907,7,1,764875.0,2871011.0
200907,7,2,543818.0,2001833.0
200907,7,3,221057.0,869178.0
200908,1,1,1698679.0,5928809.0
200908,1,2,1176215.0,4015922.0
200908,1,3,522464.0,1912888.0
200908,2,1,1200654.0,8665985.0
200908,2,2,243239.0,1284678.0
200908,2,3,957415.0,7381307.0
200908,3,1,640495.0,4747211.0
200908,3,2,330222.0,1830765.0
200908,3,3,310273.0,2916445.0
200908,4,1,1862418.0,6869415.0
200908,4,2,790804.0,2471635.0
200908,4,3,1071614.0,4397780.0
200908,5,1,655143.0,1244806.0
200908,5,2,370124.0,631848.0
200908,5,3,285019.0,612958.0
200908,6,1,9423345.0,36192581.0
200908,6,2,5563505.0,17254353.0
200908,6,3,3859840.0,18938228.0
200908,7,1,851910.0,3274561.0
200908,7,2,618891.0,2390679.0
200908,7,3,233019.0,883882.0
200909,1,1,1456679.0,4337367.0
200909,1,2,870805.0,2288164.0
200909,1,3,585874.0,2049203.0
200909,2,1,959542.0,6747955.0
200909,2,2,139866.0,626293.0
200909,2,3,819676.0,6121662.0
200909,3,1,510041.0,3687859.0
200909,3,2,210711.0,1045947.0
200909,3,3,299330.0,2641911.0
200909,4,1,1459821.0,4862036.0
200909,4,2,593471.0,1480034.0
200909,4,3,866350.0,3382003.0
200909,5,1,805904.0,1494958.0
200909,5,2,458183.0,747747.0
200909,5,3,347720.0,747211.0
200909,6,1,7827994.0,27387006.0
200909,6,2,4277206.0,10853013.0
200909,6,3,3550788.0,16533993.0
200909,7,1,663475.0,2381776.0
200909,7,2,442007.0,1516022.0
200909,7,3,221468.0,865754.0
200910,1,1,1277565.0,3456797.0
200910,1,2,752568.0,1609730.0
200910,1,3,524996.0,1847067.0
200910,2,1,590533.0,3992107.0
200910,2,2,100675.0,350649.0
200910,2,3,489859.0,3641458.0
200910,3,1,563894.0,3753330.0
200910,3,2,191370.0,776495.0
200910,3,3,372524.0,2976835.0
200910,4,1,1252757.0,3303324.0
200910,4,2,522888.0,1042710.0
200910,4,3,729868.0,2260614.0
200910,5,1,893921.0,1697237.0
200910,5,2,498384.0,837121.0
200910,5,3,395538.0,860117.0
200910,6,1,7011612.0,21752259.0
200910,6,2,3959267.0,8746561.0
200910,6,3,3052345.0,13005698.0
200910,7,1,579298.0,1954615.0
200910,7,2,372138.0,1131671.0
200910,7,3,207160.0,822945.0
200911,1,1,816222.0,2075597.0
200911,1,2,558303.0,1216147.0
200911,1,3,257919.0,859450.0
200911,2,1,101365.0,471778.0
200911,2,2,45319.0,188633.0
200911,2,3,56046.0,283145.0
200911,3,1,552977.0,3771633.0
200911,3,2,145494.0,612014.0
200911,3,3,407483.0,3159619.0
200911,4,1,776128.0,1655289.0
200911,4,2,376343.0,706810.0
200911,4,3,399785.0,948479.0
200911,5,1,709592.0,1331470.0
200911,5,2,433198.0,736074.0
200911,5,3,276394.0,595396.0
200911,6,1,4710822.0,13255271.0
200911,6,2,2990558.0,6507151.0
200911,6,3,1720264.0,6748120.0
200911,7,1,458436.0,1471579.0
200911,7,2,311685.0,913471.0
200911,7,3,146751.0,558108.0
200912,1,1,747339.0,1721423.0
200912,1,2,529554.0,1060799.0
200912,1,3,217784.0,660624.0
200912,2,1,78568.0,292581.0
200912,2,2,39358.0,121062.0
200912,2,3,39210.0,171519.0
200912,3,1,541248.0,3689390.0
200912,3,2,168182.0,626998.0
200912,3,3,373065.0,3062392.0
200912,4,1,758496.0,1589459.0
200912,4,2,407784.0,773557.0
200912,4,3,350712.0,815902.0
200912,5,1,749089.0,1402645.0
200912,5,2,491407.0,852741.0
200912,5,3,257682.0,549904.0
200912,6,1,4435027.0,12030368.0
200912,6,2,2936381.0,6070229.0
200912,6,3,1498646.0,5960138.0
200912,7,1,406657.0,1201342.0
200912,7,2,295113.0,773296.0
200912,7,3,111544.0,428046.0
201001,1,1,602823.0,1581940.0
201001,1,2,411693.0,932968.0
201001,1,3,191129.0,648972.0
201001,2,1,72927.0,312011.0
201001,2,2,28664.0,93108.0
201001,2,3,44262.0,218903.0
201001,3,1,519520.0,3966161.0
201001,3,2,132868.0,603029.0
201001,3,3,386652.0,3363132.0
201001,4,1,663927.0,1400686.0
201001,4,2,356178.0,679486.0
201001,4,3,307748.0,721199.0
201001,5,1,646287.0,1200215.0
201001,5,2,395354.0,660369.0
201001,5,3,250933.0,539845.0
201001,6,1,3767159.0,11308373.0
201001,6,2,2351307.0,5094546.0
201001,6,3,1415852.0,6213827.0
201001,7,1,316996.0,1061450.0
201001,7,2,211461.0,605404.0
201001,7,3,105535.0,456046.0
201002,1,1,825758.0,2075069.0
201002,1,2,586034.0,1282553.0
201002,1,3,239724.0,792516.0
201002,2,1,139170.0,660963.0
201002,2,2,55748.0,213594.0
201002,2,3,83422.0,447369.0
201002,3,1,525294.0,3765424.0
201002,3,2,132119.0,548116.0
201002,3,3,393175.0,3217308.0
201002,4,1,806610.0,1766413.0
201002,4,2,407153.0,783721.0
201002,4,3,399457.0,982692.0
201002,5,1,713193.0,1307636.0
201002,5,2,446972.0,751096.0
201002,5,3,266221.0,556540.0
201002,6,1,4610953.0,13108750.0
201002,6,2,2943090.0,6272461.0
201002,6,3,1667864.0,6836289.0
201002,7,1,446470.0,1347885.0
201002,7,2,321953.0,850020.0
201002,7,3,124517.0,497865.0
201003,1,1,1060519.0,2786491.0
201003,1,2,683750.0,1592869.0
201003,1,3,376769.0,1193622.0
201003,2,1,239153.0,1328338.0
201003,2,2,87540.0,431987.0
201003,2,3,151613.0,896352.0
201003,3,1,573156.0,4134102.0
201003,3,2,156577.0,607621.0
201003,3,3,416579.0,3526481.0
201003,4,1,1008490.0,2345854.0
201003,4,2,496433.0,1043162.0
201003,4,3,512057.0,1302692.0
201003,5,1,805774.0,1516718.0
201003,5,2,465943.0,784085.0
201003,5,3,339831.0,732633.0
201003,6,1,5706500.0,16752851.0
201003,6,2,3543609.0,8051189.0
201003,6,3,2162891.0,8701662.0
201003,7,1,546232.0,1781808.0
201003,7,2,382212.0,1135788.0
201003,7,3,164021.0,646019.0
201004,1,1,1314382.0,3518064.0
201004,1,2,762591.0,1939715.0
201004,1,3,551791.0,1578349.0
201004,2,1,406703.0,2110480.0
201004,2,2,115820.0,547862.0
201004,2,3,290883.0,1562618.0
201004,3,1,567239.0,3692084.0
201004,3,2,171853.0,750489.0
201004,3,3,395385.0,2941595.0
201004,4,1,1342635.0,3540518.0
201004,4,2,568871.0,1431867.0
201004,4,3,773764.0,2108651.0
201004,5,1,828360.0,1638041.0
201004,5,2,452907.0,799793.0
201004,5,3,375453.0,838249.0
201004,6,1,6786265.0,19843019.0
201004,6,2,3877568.0,9575308.0
201004,6,3,2908696.0,10267711.0
201004,7,1,597476.0,1926703.0
201004,7,2,399866.0,1253029.0
201004,7,3,197610.0,673674.0
201005,1,1,1403291.0,3671512.0
201005,1,2,797610.0,1855472.0
201005,1,3,605681.0,1816040.0
201005,2,1,924850.0,5388824.0
201005,2,2,132387.0,515909.0
201005,2,3,792463.0,4872915.0
201005,3,1,510404.0,3337512.0
201005,3,2,198632.0,771722.0
201005,3,3,311772.0,2565789.0
201005,4,1,1570294.0,4316825.0
201005,4,2,631906.0,1425366.0
201005,4,3,938388.0,2891459.0
201005,5,1,931379.0,1786498.0
201005,5,2,473569.0,815431.0
201005,5,3,457811.0,971067.0
201005,6,1,7810020.0,23982979.0
201005,6,2,4042148.0,9281281.0
201005,6,3,3767873.0,14701698.0
201005,7,1,629926.0,2040842.0
201005,7,2,413502.0,1206024.0
201005,7,3,216424.0,834818.0
201006,1,1,1406816.0,4045961.0
201006,1,2,894567.0,2241736.0
201006,1,3,512249.0,1804225.0
201006,2,1,1128805.0,7230288.0
201006,2,2,185250.0,694296.0
201006,2,3,943555.0,6535992.0
201006,3,1,529823.0,3606909.0
201006,3,2,221297.0,934771.0
201006,3,3,308526.0,2672138.0
201006,4,1,1599249.0,4927102.0
201006,4,2,680416.0,1557642.0
201006,4,3,918834.0,3369460.0
201006,5,1,858836.0,1615175.0
201006,5,2,475666.0,793989.0
201006,5,3,383170.0,821187.0
201006,6,1,8087317.0,27357010.0
201006,6,2,4386962.0,10553831.0
201006,6,3,3700356.0,16803178.0
201006,7,1,676732.0,2314410.0
201006,7,2,460748.0,1442996.0
201006,7,3,215984.0,871414.0
201007,1,1,1569191.0,5297968.0
201007,1,2,1045741.0,3381017.0
201007,1,3,523450.0,1916951.0
201007,2,1,1370249.0,9167104.0
201007,2,2,211119.0,920335.0
201007,2,3,1159130.0,8246768.0
201007,3,1,665280.0,4668500.0
201007,3,2,266931.0,1249599.0
201007,3,3,398348.0,3418901.0
201007,4,1,1967281.0,6785275.0
201007,4,2,763425.0,1959453.0
201007,4,3,1203856.0,4825823.0
201007,5,1,839241.0,1546949.0
201007,5,2,448593.0,728964.0
201007,5,3,390648.0,817985.0
201007,6,1,9399554.0,34909440.0
201007,6,2,5002604.0,13912126.0
201007,6,3,4396950.0,20997313.0
201007,7,1,783156.0,2950041.0
201007,7,2,555256.0,2067905.0
201007,7,3,227900.0,882136.0
201008,1,1,1718626.0,6040867.0
201008,1,2,1155419.0,4098626.0
201008,1,3,563207.0,1942241.0
201008,2,1,1368402.0,9848477.0
201008,2,2,241897.0,1291453.0
201008,2,3,1126505.0,8557024.0
201008,3,1,710225.0,5330271.0
201008,3,2,320053.0,1757275.0
201008,3,3,390171.0,3572997.0
201008,4,1,2056791.0,7549853.0
201008,4,2,824210.0,2553570.0
201008,4,3,1232581.0,4996283.0
201008,5,1,685491.0,1320848.0
201008,5,2,363816.0,625182.0
201008,5,3,321676.0,695666.0
201008,6,1,10014468.0,39085826.0
201008,6,2,5599468.0,17441176.0
201008,6,3,4415000.0,21644649.0
201008,7,1,864193.0,3345004.0
201008,7,2,621967.0,2385147.0
201008,7,3,242226.0,959857.0
201009,1,1,1510522.0,4513179.0
201009,1,2,877406.0,2395399.0
201009,1,3,633117.0,2117780.0
201009,2,1,1080051.0,7429994.0
201009,2,2,146484.0,601292.0
201009,2,3,933567.0,6828702.0
201009,3,1,601256.0,4329176.0
201009,3,2,221249.0,1027137.0
201009,3,3,380007.0,3302039.0
201009,4,1,1564250.0,5219293.0
201009,4,2,564215.0,1370263.0
201009,4,3,1000035.0,3849030.0
201009,5,1,890772.0,1684034.0
201009,5,2,471469.0,791783.0
201009,5,3,419304.0,892251.0
201009,6,1,8400100.0,29696355.0
201009,6,2,4307901.0,10944412.0
201009,6,3,4092199.0,18751943.0
201009,7,1,670462.0,2416158.0
201009,7,2,430384.0,1489335.0
201009,7,3,240078.0,926823.0
201010,1,1,1348351.0,3610223.0
201010,1,2,769729.0,1739001.0
201010,1,3,578622.0,1871222.0
201010,2,1,650421.0,4232310.0
201010,2,2,113601.0,336134.0
201010,2,3,536820.0,3896176.0
201010,3,1,665199.0,4543083.0
201010,3,2,204365.0,798955.0
201010,3,3,460834.0,3744128.0
201010,4,1,1443809.0,3839644.0
201010,4,2,584500.0,1209830.0
201010,4,3,859309.0,2629814.0
201010,5,1,994470.0,1877744.0
201010,5,2,538908.0,908328.0
201010,5,3,455562.0,969417.0
201010,6,1,7679996.0,23976893.0
201010,6,2,4186876.0,9311677.0
201010,6,3,3493119.0,14665216.0
201010,7,1,606519.0,2044834.0
201010,7,2,388389.0,1180176.0
201010,7,3,218129.0,864658.0
201011,1,1,828137.0,2082426.0
201011,1,2,529834.0,1186505.0
201011,1,3,298303.0,895921.0
201011,2,1,94501.0,469049.0
201011,2,2,44454.0,183863.0
201011,2,3,50047.0,285186.0
201011,3,1,625844.0,4476982.0
201011,3,2,154054.0,646630.0
201011,3,3,471791.0,3830353.0
201011,4,1,878687.0,1895167.0
201011,4,2,399521.0,734291.0
201011,4,3,479166.0,1160876.0
201011,5,1,803890.0,1497649.0
201011,5,2,457687.0,749774.0
201011,5,3,346203.0,747875.0
201011,6,1,4976017.0,14363392.0
201011,6,2,2990886.0,6480677.0
201011,6,3,1985132.0,7882715.0
201011,7,1,438397.0,1466045.0
201011,7,2,292557.0,875131.0
201011,7,3,145840.0,590914.0
201012,1,1,755472.0,1733270.0
201012,1,2,525165.0,1110175.0
201012,1,3,230307.0,623095.0
201012,2,1,68322.0,241385.0
201012,2,2,30100.0,89840.0
201012,2,3,38222.0,151546.0
201012,3,1,596431.0,4146417.0
201012,3,2,154969.0,640962.0
201012,3,3,441462.0,3505455.0
201012,4,1,825715.0,1749451.0
201012,4,2,437044.0,858587.0
201012,4,3,388671.0,890864.0
201012,5,1,823166.0,1501657.0
201012,5,2,526745.0,897712.0
201012,5,3,296421.0,603945.0
201012,6,1,4650521.0,12778595.0
201012,6,2,3000911.0,6317606.0
201012,6,3,1649610.0,6460989.0
201012,7,1,389334.0,1172526.0
201012,7,2,287936.0,771390.0
201012,7,3,101398.0,401137.0
201101,1,1,640200.0,1619297.0
201101,1,2,431162.0,952871.0
201101,1,3,209038.0,666426.0
201101,2,1,65977.0,293934.0
201101,2,2,27115.0,72307.0
201101,2,3,38862.0,221627.0
201101,3,1,602178.0,4715607.0
201101,3,2,129784.0,596632.0
201101,3,3,472394.0,4118975.0
201101,4,1,676425.0,1452612.0
201101,4,2,331150.0,646439.0
201101,4,3,345276.0,806173.0
201101,5,1,697392.0,1319104.0
201101,5,2,427990.0,731955.0
201101,5,3,269402.0,587149.0
201101,6,1,3929632.0,12183118.0
201101,6,2,2358110.0,5089103.0
201101,6,3,1571522.0,7094015.0
201101,7,1,310908.0,1027898.0
201101,7,2,211859.0,615967.0
201101,7,3,99049.0,411931.0
201102,1,1,889305.0,2193849.0
201102,1,2,626864.0,1352128.0
201102,1,3,262440.0,841721.0
201102,2,1,136724.0,668742.0
201102,2,2,64146.0,240345.0
201102,2,3,72577.0,428397.0
201102,3,1,641655.0,4755010.0
201102,3,2,126038.0,543490.0
201102,3,3,515616.0,4211520.0
201102,4,1,844553.0,1829698.0
201102,4,2,406363.0,775405.0
201102,4,3,438191.0,1054293.0
201102,5,1,727509.0,1344840.0
201102,5,2,448374.0,760747.0
201102,5,3,279135.0,584092.0
201102,6,1,4831381.0,14238644.0
201102,6,2,2994483.0,6357361.0
201102,6,3,1836899.0,7881283.0
201102,7,1,441465.0,1307690.0
201102,7,2,323877.0,856265.0
201102,7,3,117588.0,451425.0
201103,1,1,1095897.0,2888739.0
201103,1,2,660629.0,1491095.0
201103,1,3,435268.0,1397645.0
201103,2,1,230741.0,1329533.0
201103,2,2,90394.0,434390.0
201103,2,3,140347.0,895143.0
201103,3,1,699179.0,5378950.0
201103,3,2,144808.0,659392.0
201103,3,3,554371.0,4719558.0
201103,4,1,1057563.0,2474559.0
201103,4,2,494302.0,1069874.0
201103,4,3,563260.0,1404685.0
201103,5,1,841991.0,1616800.0
201103,5,2,473654.0,811822.0
201103,5,3,368336.0,804978.0
201103,6,1,5829113.0,18086818.0
201103,6,2,3380332.0,7754018.0
201103,6,3,2448781.0,10332800.0
201103,7,1,523042.0,1724027.0
201103,7,2,360631.0,1060279.0
201103,7,3,162411.0,663749.0
201104,1,1,1437427.0,3921088.0
201104,1,2,803909.0,2029241.0
201104,1,3,633518.0,1891847.0
201104,2,1,483174.0,2573228.0
201104,2,2,132124.0,543772.0
201104,2,3,351050.0,2029456.0
201104,3,1,696656.0,4818453.0
201104,3,2,182941.0,773981.0
201104,3,3,513715.0,4044472.0
201104,4,1,1442753.0,3881655.0
201104,4,2,593335.0,1475193.0
201104,4,3,849418.0,2406462.0
201104,5,1,907827.0,1832543.0
201104,5,2,477267.0,856316.0
201104,5,3,430560.0,976226.0
201104,6,1,7423129.0,22618769.0
201104,6,2,4088344.0,9878278.0
201104,6,3,3334785.0,12740491.0
201104,7,1,639403.0,2074795.0
201104,7,2,427122.0,1280018.0
201104,7,3,212280.0,794777.0
201105,1,1,1426100.0,3683939.0
201105,1,2,747624.0,1604716.0
201105,1,3,678476.0,2079223.0
201105,2,1,988638.0,5765484.0
201105,2,2,123962.0,452837.0
201105,2,3,864676.0,5312647.0
201105,3,1,568993.0,3943066.0
201105,3,2,190226.0,752826.0
201105,3,3,378767.0,3190240.0
201105,4,1,1536277.0,4221332.0
201105,4,2,546590.0,1173554.0
201105,4,3,989687.0,3047778.0
201105,5,1,930442.0,1809062.0
201105,5,2,471160.0,788855.0
201105,5,3,459282.0,1020207.0
201105,6,1,7797227.0,24670723.0
201105,6,2,3746751.0,8359843.0
201105,6,3,4050476.0,16310880.0
201105,7,1,573410.0,1924991.0
201105,7,2,352783.0,1038194.0
201105,7,3,220627.0,886797.0
201106,1,1,1535736.0,4390265.0
201106,1,2,927143.0,2297824.0
201106,1,3,608593.0,2092442.0
201106,2,1,1293122.0,8397087.0
201106,2,2,183122.0,700641.0
201106,2,3,1110000.0,7696447.0
201106,3,1,599070.0,4271309.0
201106,3,2,211232.0,875242.0
201106,3,3,387838.0,3396067.0
201106,4,1,1819695.0,5781788.0
201106,4,2,671436.0,1552259.0
201106,4,3,1148258.0,4229529.0
201106,5,1,935141.0,1747919.0
201106,5,2,491096.0,793869.0
201106,5,3,444045.0,954050.0
201106,6,1,8809958.0,30704218.0
201106,6,2,4430197.0,10605101.0
201106,6,3,4379761.0,20099117.0
201106,7,1,695891.0,2447339.0
201106,7,2,469328.0,1507623.0
201106,7,3,226564.0,939716.0
201107,1,1,1610364.0,5450266.0
201107,1,2,1020463.0,3269049.0
201107,1,3,589901.0,2181217.0
201107,2,1,1528088.0,10214999.0
201107,2,2,210951.0,947262.0
201107,2,3,1317137.0,9267738.0
201107,3,1,758091.0,5419067.0
201107,3,2,277017.0,1240584.0
201107,3,3,481074.0,4178483.0
201107,4,1,2108217.0,7348920.0
201107,4,2,755889.0,1954196.0
201107,4,3,1352328.0,5394724.0
201107,5,1,915376.0,1705331.0
201107,5,2,472046.0,775313.0
201107,5,3,443331.0,930017.0
201107,6,1,10051429.0,37980214.0
201107,6,2,5093546.0,14101982.0
201107,6,3,4957883.0,23878232.0
201107,7,1,838611.0,3191788.0
201107,7,2,581592.0,2192447.0
201107,7,3,257019.0,999341.0
201108,1,1,1739291.0,6070413.0
201108,1,2,1133478.0,3931981.0
201108,1,3,605814.0,2138431.0
201108,2,1,1560442.0,10735245.0
201108,2,2,236683.0,1268099.0
201108,2,3,1323759.0,9467146.0
201108,3,1,775422.0,6018289.0
201108,3,2,307244.0,1693267.0
201108,3,3,468178.0,4325022.0
201108,4,1,2170432.0,7983081.0
201108,4,2,831516.0,2528433.0
201108,4,3,1338916.0,5454648.0
201108,5,1,842977.0,1744042.0
201108,5,2,436841.0,796687.0
201108,5,3,406135.0,947355.0
201108,6,1,10608293.0,41694917.0
201108,6,2,5615032.0,17294136.0
201108,6,3,4993261.0,24400781.0
201108,7,1,848845.0,3470106.0
201108,7,2,605540.0,2461128.0
201108,7,3,243305.0,1008977.0
201109,1,1,1576586.0,4696205.0
201109,1,2,874444.0,2301058.0
201109,1,3,702142.0,2395148.0
201109,2,1,1209758.0,8383326.0
201109,2,2,151672.0,690359.0
201109,2,3,1058086.0,7692967.0
201109,3,1,644326.0,4797614.0
201109,3,2,215632.0,1033814.0
201109,3,3,428694.0,3763801.0
201109,4,1,1713858.0,5703452.0
201109,4,2,621369.0,1490056.0
201109,4,3,1092489.0,4213396.0
201109,5,1,958323.0,1832385.0
201109,5,2,509183.0,862249.0
201109,5,3,449140.0,970136.0
201109,6,1,8916593.0,32099863.0
201109,6,2,4424189.0,11198508.0
201109,6,3,4492404.0,20901356.0
201109,7,1,697490.0,2589609.0
201109,7,2,446230.0,1600268.0
201109,7,3,251260.0,989340.0
201110,1,1,1346614.0,3593556.0
201110,1,2,710188.0,1470578.0
201110,1,3,636425.0,2122978.0
201110,2,1,725041.0,4699968.0
201110,2,2,107727.0,321699.0
201110,2,3,617315.0,4378269.0
201110,3,1,699548.0,4979745.0
201110,3,2,175809.0,737665.0
201110,3,3,523739.0,4242081.0
201110,4,1,1468730.0,3908949.0
201110,4,2,564279.0,1124624.0
201110,4,3,904451.0,2784325.0
201110,5,1,978185.0,1937450.0
201110,5,2,508425.0,869863.0
201110,5,3,469760.0,1067587.0
201110,6,1,7673432.0,24764256.0
201110,6,2,3909150.0,8516886.0
201110,6,3,3764282.0,16247370.0
201110,7,1,581664.0,2038672.0
201110,7,2,346867.0,1064148.0
201110,7,3,234797.0,974524.0
201111,1,1,819698.0,2063289.0
201111,1,2,522429.0,1130200.0
201111,1,3,297269.0,933089.0
201111,2,1,94582.0,464802.0
201111,2,2,45646.0,190721.0
201111,2,3,48936.0,274081.0
201111,3,1,641709.0,4891105.0
201111,3,2,137790.0,605455.0
201111,3,3,503919.0,4285651.0
201111,4,1,865513.0,1908295.0
201111,4,2,391022.0,741997.0
201111,4,3,474491.0,1166297.0
201111,5,1,817029.0,1535858.0
201111,5,2,465209.0,765789.0
201111,5,3,351820.0,770070.0
201111,6,1,4902197.0,14674921.0
201111,6,2,2891744.0,6287934.0
201111,6,3,2010452.0,8386987.0
201111,7,1,422673.0,1452131.0
201111,7,2,277809.0,856733.0
201111,7,3,144864.0,595398.0
201112,1,1,777289.0,1792426.0
201112,1,2,533972.0,1121642.0
201112,1,3,243317.0,670784.0
201112,2,1,62190.0,227455.0
201112,2,2,30644.0,83675.0
201112,2,3,31546.0,143779.0
201112,3,1,609880.0,4506956.0
201112,3,2,146687.0,644975.0
201112,3,3,463193.0,3861981.0
201112,4,1,802241.0,1679312.0
201112,4,2,401345.0,748536.0
201112,4,3,400897.0,930777.0
201112,5,1,819336.0,1551596.0
201112,5,2,520814.0,902155.0
201112,5,3,298522.0,649441.0
201112,6,1,4594592.0,13044798.0
201112,6,2,2893004.0,6081180.0
201112,6,3,1701588.0,6963618.0
201112,7,1,370096.0,1183282.0
201112,7,2,262036.0,764173.0
201112,7,3,108060.0,419109.0
201201,1,1,676133.0,1656000.0
201201,1,2,425353.0,909847.0
201201,1,3,250780.0,746153.0
201201,2,1,62380.0,291157.0
201201,2,2,28369.0,77899.0
201201,2,3,34011.0,213258.0
201201,3,1,615794.0,5017928.0
201201,3,2,119507.0,582620.0
201201,3,3,496287.0,4435308.0
201201,4,1,703207.0,1501258.0
201201,4,2,349737.0,664968.0
201201,4,3,353471.0,836290.0
201201,5,1,704676.0,1337117.0
201201,5,2,439560.0,732838.0
201201,5,3,265116.0,604278.0
201201,6,1,4034869.0,12600203.0
201201,6,2,2390674.0,5075907.0
201201,6,3,1644195.0,7524295.0
201201,7,1,323704.0,1075157.0
201201,7,2,220182.0,656059.0
201201,7,3,103522.0,419098.0
201202,1,1,879087.0,2195732.0
201202,1,2,600012.0,1301243.0
201202,1,3,279075.0,894489.0
201202,2,1,130346.0,690910.0
201202,2,2,63940.0,307187.0
201202,2,3,66406.0,383723.0
201202,3,1,621631.0,4733598.0
201202,3,2,122450.0,534254.0
201202,3,3,499181.0,4199344.0
201202,4,1,846700.0,1863340.0
201202,4,2,399443.0,754616.0
201202,4,3,447257.0,1108723.0
201202,5,1,736000.0,1344414.0
201202,5,2,450165.0,742689.0
201202,5,3,285835.0,601725.0
201202,6,1,4762348.0,14163457.0
201202,6,2,2898921.0,6183754.0
201202,6,3,1863427.0,7979704.0
201202,7,1,436717.0,1315349.0
201202,7,2,309580.0,836111.0
201202,7,3,127137.0,479238.0
201203,1,1,1072758.0,2828698.0
201203,1,2,625880.0,1423452.0
201203,1,3,446878.0,1405246.0
201203,2,1,240373.0,1352675.0
201203,2,2,106367.0,534813.0
201203,2,3,134007.0,817862.0
201203,3,1,651686.0,4871305.0
201203,3,2,131534.0,538426.0
201203,3,3,520152.0,4332879.0
201203,4,1,1085277.0,2517030.0
201203,4,2,503034.0,1057608.0
201203,4,3,582243.0,1459422.0
201203,5,1,811777.0,1523369.0
201203,5,2,472027.0,785626.0
201203,5,3,339750.0,737742.0
201203,6,1,5771561.0,17393498.0
201203,6,2,3344772.0,7541920.0
201203,6,3,2426789.0,9851578.0
201203,7,1,532377.0,1728852.0
201203,7,2,349310.0,1038045.0
201203,7,3,183067.0,690806.0
201204,1,1,1387356.0,3802885.0
201204,1,2,758233.0,1965725.0
201204,1,3,629124.0,1837160.0
201204,2,1,437945.0,2364903.0
201204,2,2,100814.0,437766.0
201204,2,3,337130.0,1927138.0
201204,3,1,608229.0,4340823.0
201204,3,2,166422.0,707238.0
201204,3,3,441807.0,3633586.0
201204,4,1,1455135.0,3880689.0
201204,4,2,584055.0,1419742.0
201204,4,3,871080.0,2460947.0
201204,5,1,873651.0,1744119.0
201204,5,2,480000.0,849716.0
201204,5,3,393651.0,894404.0
201204,6,1,7103715.0,21445224.0
201204,6,2,3877984.0,9338052.0
201204,6,3,3225730.0,12107173.0
201204,7,1,626302.0,2042266.0
201204,7,2,410845.0,1267769.0
201204,7,3,215457.0,774497.0
201205,1,1,1391845.0,3647341.0
201205,1,2,675760.0,1469406.0
201205,1,3,716085.0,2177935.0
201205,2,1,1024971.0,5906041.0
201205,2,2,93316.0,288548.0
201205,2,3,931655.0,5617492.0
201205,3,1,550496.0,3925855.0
201205,3,2,165271.0,692145.0
201205,3,3,385225.0,3233711.0
201205,4,1,1549765.0,4341459.0
201205,4,2,558768.0,1144717.0
201205,4,3,990997.0,3196742.0
201205,5,1,923917.0,1745640.0
201205,5,2,516622.0,844740.0
201205,5,3,407295.0,900900.0
201205,6,1,7725234.0,24628932.0
201205,6,2,3610640.0,7846939.0
201205,6,3,4114595.0,16781993.0
201205,7,1,590107.0,1953995.0
201205,7,2,362852.0,1049795.0
201205,7,3,227254.0,904200.0
201206,1,1,1487094.0,4303197.0
201206,1,2,863880.0,2015647.0
201206,1,3,623214.0,2287550.0
201206,2,1,1338196.0,8572768.0
201206,2,2,149970.0,609080.0
201206,2,3,1188227.0,7963688.0
201206,3,1,610323.0,4348243.0
201206,3,2,199441.0,832657.0
201206,3,3,410882.0,3515586.0
201206,4,1,1716834.0,5533423.0
201206,4,2,629698.0,1356931.0
201206,4,3,1087137.0,4176492.0
201206,5,1,900526.0,1667686.0
201206,5,2,486333.0,801310.0
201206,5,3,414193.0,866377.0
201206,6,1,8587613.0,30243838.0
201206,6,2,4164269.0,9674462.0
201206,6,3,4423344.0,20569376.0
201206,7,1,724756.0,2429263.0
201206,7,2,471408.0,1442186.0
201206,7,3,253347.0,987077.0
201207,1,1,1547640.0,5359594.0
201207,1,2,947932.0,3037197.0
201207,1,3,599708.0,2322396.0
201207,2,1,1554127.0,10434201.0
201207,2,2,166635.0,783892.0
201207,2,3,1387491.0,9650310.0
201207,3,1,725273.0,5324308.0
201207,3,2,239427.0,1083505.0
201207,3,3,485847.0,4240803.0
201207,4,1,2048089.0,7385357.0
201207,4,2,691508.0,1698469.0
201207,4,3,1356581.0,5686888.0
201207,5,1,853479.0,1582790.0
201207,5,2,431307.0,722233.0
201207,5,3,422172.0,860556.0
201207,6,1,9616052.0,37395658.0
201207,6,2,4578014.0,12610694.0
201207,6,3,5038038.0,24784964.0
201207,7,1,799523.0,3113749.0
201207,7,2,533399.0,2016853.0
201207,7,3,266124.0,1096896.0
201208,1,1,1723994.0,5951432.0
201208,1,2,1081461.0,3655248.0
201208,1,3,642533.0,2296184.0
201208,2,1,1536862.0,10677973.0
201208,2,2,182530.0,883106.0
201208,2,3,1354332.0,9794867.0
201208,3,1,742310.0,5705421.0
201208,3,2,269708.0,1405585.0
201208,3,3,472602.0,4299836.0
201208,4,1,2096877.0,8020226.0
201208,4,2,752149.0,2218712.0
201208,4,3,1344728.0,5801515.0
201208,5,1,740964.0,1398538.0
201208,5,2,387402.0,660876.0
201208,5,3,353562.0,737661.0
201208,6,1,10239776.0,40581091.0
201208,6,2,5213797.0,15488372.0
201208,6,3,5025979.0,25092719.0
201208,7,1,888560.0,3504218.0
201208,7,2,598824.0,2320530.0
201208,7,3,289737.0,1183688.0
201209,1,1,1537382.0,4616975.0
201209,1,2,805007.0,2106661.0
201209,1,3,732375.0,2510314.0
201209,2,1,1295394.0,8611846.0
201209,2,2,118986.0,469558.0
201209,2,3,1176408.0,8142288.0
201209,3,1,632312.0,4753476.0
201209,3,2,185948.0,872571.0
201209,3,3,446364.0,3880905.0
201209,4,1,1727947.0,5975588.0
201209,4,2,567113.0,1308706.0
201209,4,3,1160834.0,4666883.0
201209,5,1,881002.0,1689557.0
201209,5,2,468175.0,806596.0
201209,5,3,412826.0,882961.0
201209,6,1,8756163.0,32045387.0
201209,6,2,4020495.0,9962269.0
201209,6,3,4735668.0,22083118.0
201209,7,1,689705.0,2578453.0
201209,7,2,424517.0,1505089.0
201209,7,3,265189.0,1073364.0
201210,1,1,1255593.0,3427587.0
201210,1,2,627451.0,1320605.0
201210,1,3,628143.0,2106982.0
201210,2,1,699129.0,4741377.0
201210,2,2,85259.0,227723.0
201210,2,3,613869.0,4513654.0
201210,3,1,698834.0,4971526.0
201210,3,2,158259.0,628495.0
201210,3,3,540575.0,4343031.0
201210,4,1,1366537.0,3767014.0
201210,4,2,504632.0,989993.0
201210,4,3,861905.0,2777021.0
201210,5,1,925976.0,1805668.0
201210,5,2,493545.0,845465.0
201210,5,3,432430.0,960202.0
201210,6,1,7258395.0,23909187.0
201210,6,2,3551117.0,7582005.0
201210,6,3,3707277.0,16327182.0
201210,7,1,537154.0,1863081.0
201210,7,2,303194.0,917337.0
201210,7,3,233960.0,945744.0
201211,1,1,776321.0,1814044.0
201211,1,2,472169.0,941843.0
201211,1,3,304152.0,872202.0
201211,2,1,86237.0,359694.0
201211,2,2,39687.0,99416.0
201211,2,3,46549.0,260278.0
201211,3,1,612812.0,4679555.0
201211,3,2,110038.0,450065.0
201211,3,3,502775.0,4229490.0
201211,4,1,867181.0,1946915.0
201211,4,2,367047.0,670045.0
201211,4,3,500134.0,1276870.0
201211,5,1,756150.0,1437983.0
201211,5,2,439911.0,736897.0
201211,5,3,316239.0,701086.0
201211,6,1,4772075.0,13854509.0
201211,6,2,2730498.0,5488094.0
201211,6,3,2041577.0,8366415.0
201211,7,1,421703.0,1286840.0
201211,7,2,258411.0,643928.0
201211,7,3,163293.0,642911.0
201212,1,1,716384.0,1578279.0
201212,1,2,471639.0,946902.0
201212,1,3,244745.0,631376.0
201212,2,1,55895.0,238553.0
201212,2,2,23484.0,82127.0
201212,2,3,32411.0,156426.0
201212,3,1,609935.0,4544274.0
201212,3,2,112017.0,454317.0
201212,3,3,497918.0,4089957.0
201212,4,1,773392.0,1644236.0
201212,4,2,390499.0,725056.0
201212,4,3,382893.0,919180.0
201212,5,1,725225.0,1348996.0
201212,5,2,470792.0,800841.0
201212,5,3,254433.0,548155.0
201212,6,1,4334680.0,12398564.0
201212,6,2,2644571.0,5308780.0
201212,6,3,1690109.0,7089783.0
201212,7,1,363145.0,1090447.0
201212,7,2,245380.0,639325.0
201212,7,3,117765.0,451122.0
201301,1,1,610852.0,1476480.0
201301,1,2,373108.0,760732.0
201301,1,3,237744.0,715748.0
201301,2,1,55510.0,291492.0
201301,2,2,25784.0,99148.0
201301,2,3,29726.0,192344.0
201301,3,1,593307.0,4921448.0
201301,3,2,104531.0,508570.0
201301,3,3,488776.0,4412878.0
201301,4,1,637194.0,1429356.0
201301,4,2,300919.0,579655.0
201301,4,3,336275.0,849702.0
201301,5,1,612780.0,1176563.0
201301,5,2,372431.0,636078.0
201301,5,3,240349.0,540485.0
201301,6,1,3694459.0,11887105.0
201301,6,2,2107452.0,4468136.0
201301,6,3,1587007.0,7418969.0
201301,7,1,309931.0,1008285.0
201301,7,2,196814.0,572138.0
201301,7,3,113117.0,436147.0
201302,1,1,803034.0,1998528.0
201302,1,2,515501.0,1088915.0
201302,1,3,287532.0,909613.0
201302,2,1,116394.0,574395.0
201302,2,2,54585.0,201311.0
201302,2,3,61809.0,373083.0
201302,3,1,606669.0,4577825.0
201302,3,2,114469.0,487407.0
201302,3,3,492200.0,4090417.0
201302,4,1,757683.0,1710720.0
201302,4,2,339888.0,628115.0
201302,4,3,417794.0,1082605.0
201302,5,1,648428.0,1210629.0
201302,5,2,387286.0,629156.0
201302,5,3,261143.0,581473.0
201302,6,1,4347642.0,13104722.0
201302,6,2,2543898.0,5276907.0
201302,6,3,1803744.0,7827815.0
201302,7,1,400368.0,1202220.0
201302,7,2,271312.0,713614.0
201302,7,3,129055.0,488606.0
201303,1,1,1141991.0,3052779.0
201303,1,2,682838.0,1675538.0
201303,1,3,459153.0,1377240.0
201303,2,1,270037.0,1483689.0
201303,2,2,88332.0,413033.0
201303,2,3,181705.0,1070655.0
201303,3,1,720138.0,5127811.0
201303,3,2,154597.0,631295.0
201303,3,3,565541.0,4496516.0
201303,4,1,1139116.0,2808040.0
201303,4,2,534069.0,1152781.0
201303,4,3,605046.0,1655259.0
201303,5,1,750182.0,1464699.0
201303,5,2,428604.0,740701.0
201303,5,3,321579.0,723998.0
201303,6,1,6171037.0,18815829.0
201303,6,2,3596941.0,8339921.0
201303,6,3,2574096.0,10475908.0
201303,7,1,596174.0,1905116.0
201303,7,2,406790.0,1231707.0
201303,7,3,189384.0,673409.0
201304,1,1,1278209.0,3367883.0
201304,1,2,661590.0,1587826.0
201304,1,3,616619.0,1780057.0
201304,2,1,433853.0,2281864.0
201304,2,2,82391.0,332018.0
201304,2,3,351462.0,1949847.0
201304,3,1,580869.0,4254909.0
201304,3,2,121672.0,538055.0
201304,3,3,459197.0,3716854.0
201304,4,1,1235961.0,3273731.0
201304,4,2,412451.0,942930.0
201304,4,3,823509.0,2330801.0
201304,5,1,767239.0,1472560.0
201304,5,2,419272.0,699959.0
201304,5,3,347967.0,772602.0
201304,6,1,6283128.0,19135958.0
201304,6,2,3107991.0,7172337.0
201304,6,3,3175137.0,11963621.0
201304,7,1,554653.0,1876072.0
201304,7,2,317101.0,1036300.0
201304,7,3,237553.0,839772.0
201305,1,1,1526979.0,4074375.0
201305,1,2,758782.0,1645763.0
201305,1,3,768197.0,2428612.0
201305,2,1,1081459.0,6306222.0
201305,2,2,112106.0,401284.0
201305,2,3,969353.0,5904937.0
201305,3,1,585914.0,4185257.0
201305,3,2,159849.0,662657.0
201305,3,3,426066.0,3522600.0
201305,4,1,1603759.0,4711721.0
201305,4,2,519055.0,1116647.0
201305,4,3,1084704.0,3595075.0
201305,5,1,847533.0,1629781.0
201305,5,2,453829.0,756759.0
201305,5,3,393704.0,873022.0
201305,6,1,8113029.0,26359256.0
201305,6,2,3678011.0,8196987.0
201305,6,3,4435018.0,18162269.0
201305,7,1,667560.0,2207421.0
201305,7,2,392559.0,1201110.0
201305,7,3,275001.0,1006311.0
201306,1,1,1537609.0,4490336.0
201306,1,2,865830.0,2040777.0
201306,1,3,671779.0,2449559.0
201306,2,1,1368432.0,8582968.0
201306,2,2,144187.0,552604.0
201306,2,3,1224246.0,8030365.0
201306,3,1,624347.0,4471959.0
201306,3,2,188971.0,756041.0
201306,3,3,435376.0,3715919.0
201306,4,1,1750546.0,5750800.0
201306,4,2,622403.0,1282999.0
201306,4,3,1128143.0,4467801.0
201306,5,1,855688.0,1620126.0
201306,5,2,459475.0,753884.0
201306,5,3,396213.0,866242.0
201306,6,1,8725022.0,30808604.0
201306,6,2,4109160.0,9356983.0
201306,6,3,4615862.0,21451621.0
201306,7,1,724839.0,2492274.0
201306,7,2,455890.0,1414634.0
201306,7,3,268949.0,1077640.0
201307,1,1,1623164.0,5578605.0
201307,1,2,1011297.0,3176994.0
201307,1,3,611866.0,2401611.0
201307,2,1,1511208.0,10239400.0
201307,2,2,166352.0,711775.0
201307,2,3,1344856.0,9527625.0
201307,3,1,720264.0,5428770.0
201307,3,2,220478.0,1005756.0
201307,3,3,499786.0,4423014.0
201307,4,1,1991100.0,7434007.0
201307,4,2,632438.0,1567224.0
201307,4,3,1358662.0,5866784.0
201307,5,1,779776.0,1498129.0
201307,5,2,409493.0,682210.0
201307,5,3,370284.0,815919.0
201307,6,1,9644412.0,37670863.0
201307,6,2,4622498.0,12499139.0
201307,6,3,5021913.0,25171724.0
201307,7,1,822167.0,3159149.0
201307,7,2,536764.0,2009418.0
201307,7,3,285403.0,1149731.0
201308,1,1,1841650.0,6489092.0
201308,1,2,1166672.0,3975775.0
201308,1,3,674978.0,2513317.0
201308,2,1,1559894.0,10607888.0
201308,2,2,179021.0,849297.0
201308,2,3,1380873.0,9758592.0
201308,3,1,758447.0,5844001.0
201308,3,2,259844.0,1310969.0
201308,3,3,498602.0,4533032.0
201308,4,1,2186978.0,8296258.0
201308,4,2,753961.0,2134072.0
201308,4,3,1433017.0,6162186.0
201308,5,1,686368.0,1346748.0
201308,5,2,362564.0,641505.0
201308,5,3,323804.0,705243.0
201308,6,1,10715764.0,41900828.0
201308,6,2,5426618.0,15876358.0
201308,6,3,5289147.0,26024469.0
201308,7,1,938808.0,3643215.0
201308,7,2,617215.0,2391456.0
201308,7,3,321592.0,1251759.0
201309,1,1,1615300.0,5029735.0
201309,1,2,854401.0,2263001.0
201309,1,3,760898.0,2766734.0
201309,2,1,1294585.0,8561024.0
201309,2,2,115168.0,453348.0
201309,2,3,1179417.0,8107676.0
201309,3,1,656431.0,4849631.0
201309,3,2,182004.0,808340.0
201309,3,3,474427.0,4041292.0
201309,4,1,1688830.0,5963592.0
201309,4,2,529419.0,1192177.0
201309,4,3,1159411.0,4771416.0
201309,5,1,839482.0,1648727.0
201309,5,2,441955.0,771581.0
201309,5,3,397527.0,877146.0
201309,6,1,8886542.0,32647844.0
201309,6,2,4055351.0,9939148.0
201309,6,3,4831191.0,22708696.0
201309,7,1,701711.0,2637505.0
201309,7,2,418247.0,1479473.0
201309,7,3,283464.0,1158032.0
201310,1,1,1322026.0,3742532.0
201310,1,2,658744.0,1414763.0
201310,1,3,663283.0,2327769.0
201310,2,1,741838.0,4952451.0
201310,2,2,97447.0,312870.0
201310,2,3,644391.0,4639581.0
201310,3,1,712165.0,5251853.0
201310,3,2,140237.0,599602.0
201310,3,3,571928.0,4652251.0
201310,4,1,1440172.0,3998546.0
201310,4,2,479570.0,929276.0
201310,4,3,960602.0,3069271.0
201310,5,1,892863.0,1759956.0
201310,5,2,471677.0,820192.0
201310,5,3,421186.0,939764.0
201310,6,1,7468192.0,25015770.0
201310,6,2,3529310.0,7608032.0
201310,6,3,3938882.0,17407737.0
201310,7,1,594942.0,2044474.0
201310,7,2,328266.0,984275.0
201310,7,3,266677.0,1060199.0
201311,1,1,853447.0,2027735.0
201311,1,2,530803.0,1087699.0
201311,1,3,322644.0,940036.0
201311,2,1,75540.0,329629.0
201311,2,2,38053.0,127919.0
201311,2,3,37487.0,201710.0
201311,3,1,708891.0,5254683.0
201311,3,2,125464.0,560152.0
201311,3,3,583427.0,4694532.0
201311,4,1,915436.0,2048787.0
201311,4,2,399392.0,747533.0
201311,4,3,516044.0,1301254.0
201311,5,1,764196.0,1491988.0
201311,5,2,462696.0,809300.0
201311,5,3,301501.0,682688.0
201311,6,1,5112181.0,15087587.0
201311,6,2,2962040.0,6205146.0
201311,6,3,2150141.0,8882441.0
201311,7,1,482287.0,1488268.0
201311,7,2,298240.0,799147.0
201311,7,3,184047.0,689121.0
201312,1,1,789852.0,1733854.0
201312,1,2,532093.0,1048996.0
201312,1,3,257759.0,684857.0
201312,2,1,54653.0,194513.0
201312,2,2,24575.0,61581.0
201312,2,3,30078.0,132932.0
201312,3,1,666629.0,5151817.0
201312,3,2,118270.0,519986.0
201312,3,3,548359.0,4631832.0
201312,4,1,860919.0,1869893.0
201312,4,2,427574.0,801767.0
201312,4,3,433345.0,1068125.0
201312,5,1,756213.0,1456822.0
201312,5,2,487158.0,860624.0
201312,5,3,269055.0,596198.0
201312,6,1,4659511.0,13595795.0
201312,6,2,2830104.0,5694832.0
201312,6,3,1829407.0,7900963.0
201312,7,1,389284.0,1168591.0
201312,7,2,257834.0,669701.0
201312,7,3,131450.0,498890.0
201401,1,1,659794.0,1639998.0
201401,1,2,395973.0,811372.0
201401,1,3,263820.0,828626.0
201401,2,1,43575.0,182458.0
201401,2,2,20744.0,54389.0
201401,2,3,22831.0,128069.0
201401,3,1,652657.0,5469828.0
201401,3,2,93882.0,466866.0
201401,3,3,558774.0,5002962.0
201401,4,1,682899.0,1558088.0
201401,4,2,310738.0,611960.0
201401,4,3,372161.0,946127.0
201401,5,1,662603.0,1273547.0
201401,5,2,399130.0,679970.0
201401,5,3,263473.0,593577.0
201401,6,1,3939144.0,12807505.0
201401,6,2,2188084.0,4546501.0
201401,6,3,1751060.0,8261004.0
201401,7,1,323816.0,1038564.0
201401,7,2,201916.0,559866.0
201401,7,3,121900.0,478698.0
201402,1,1,852020.0,2097987.0
201402,1,2,556200.0,1139438.0
201402,1,3,295820.0,958549.0
201402,2,1,102044.0,471605.0
201402,2,2,51602.0,181116.0
201402,2,3,50442.0,290489.0
201402,3,1,663496.0,5034240.0
201402,3,2,102030.0,439422.0
201402,3,3,561466.0,4594818.0
201402,4,1,806222.0,1811188.0
201402,4,2,367596.0,662153.0
201402,4,3,438626.0,1149036.0
201402,5,1,708047.0,1306169.0
201402,5,2,441555.0,727998.0
201402,5,3,266492.0,578171.0
201402,6,1,4657133.0,13875208.0
201402,6,2,2739686.0,5456934.0
201402,6,3,1917447.0,8418274.0
201402,7,1,430959.0,1247670.0
201402,7,2,289345.0,714062.0
201402,7,3,141613.0,533607.0
201403,1,1,1024250.0,2752140.0
201403,1,2,600764.0,1407866.0
201403,1,3,423486.0,1344274.0
201403,2,1,199604.0,1097567.0
201403,2,2,68042.0,321591.0
201403,2,3,131562.0,775976.0
201403,3,1,780356.0,5868889.0
201403,3,2,109524.0,461114.0
201403,3,3,670833.0,5407776.0
201403,4,1,1063768.0,2600043.0
201403,4,2,454396.0,974871.0
201403,4,3,609372.0,1625172.0
201403,5,1,848713.0,1646358.0
201403,5,2,484998.0,833456.0
201403,5,3,363715.0,812902.0
201403,6,1,5770836.0,18129451.0
201403,6,2,3161425.0,7037862.0
201403,6,3,2609411.0,11091589.0
201403,7,1,521229.0,1700724.0
201403,7,2,328346.0,991680.0
201403,7,3,192883.0,709044.0
201404,1,1,1449381.0,3902139.0
201404,1,2,757292.0,1899051.0
201404,1,3,692089.0,2003088.0
201404,2,1,462995.0,2483892.0
201404,2,2,88204.0,389424.0
201404,2,3,374790.0,2094468.0
201404,3,1,699833.0,4934625.0
201404,3,2,150256.0,618201.0
201404,3,3,549578.0,4316423.0
201404,4,1,1406372.0,3845492.0
201404,4,2,574858.0,1373168.0
201404,4,3,831513.0,2472324.0
201404,5,1,860931.0,1716226.0
201404,5,2,472838.0,846192.0
201404,5,3,388093.0,870034.0
201404,6,1,7301730.0,22298622.0
201404,6,2,3840663.0,9014634.0
201404,6,3,3461067.0,13283988.0
201404,7,1,662432.0,2171625.0
201404,7,2,417439.0,1277963.0
201404,7,3,244993.0,893662.0
201405,1,1,1602146.0,4215472.0
201405,1,2,826394.0,1835288.0
201405,1,3,775752.0,2380183.0
201405,2,1,1069880.0,5822278.0
201405,2,2,107534.0,333671.0
201405,2,3,962347.0,5488607.0
201405,3,1,635595.0,4404958.0
201405,3,2,166695.0,619704.0
201405,3,3,468900.0,3785254.0
201405,4,1,1646843.0,4635356.0
201405,4,2,552969.0,1158828.0
201405,4,3,1093874.0,3476528.0
201405,5,1,963719.0,1899490.0
201405,5,2,503573.0,875831.0
201405,5,3,460145.0,1023659.0
201405,6,1,8518421.0,26691702.0
201405,6,2,3901968.0,8560446.0
201405,6,3,4616453.0,18131256.0
201405,7,1,660125.0,2206674.0
201405,7,2,381019.0,1171097.0
201405,7,3,279106.0,1035577.0
201406,1,1,1595348.0,4706211.0
201406,1,2,913195.0,2206999.0
201406,1,3,682153.0,2499212.0
201406,2,1,1376319.0,8449287.0
201406,2,2,148529.0,614482.0
201406,2,3,1227790.0,7834805.0
201406,3,1,660804.0,4737833.0
201406,3,2,185351.0,765106.0
201406,3,3,475453.0,3972727.0
201406,4,1,1830457.0,5855847.0
201406,4,2,655261.0,1389852.0
201406,4,3,1175196.0,4465995.0
201406,5,1,922355.0,1755052.0
201406,5,2,514208.0,859384.0
201406,5,3,408147.0,895668.0
201406,6,1,9038987.0,31567799.0
201406,6,2,4270431.0,9869795.0
201406,6,3,4768556.0,21698004.0
201406,7,1,721075.0,2550098.0
201406,7,2,455532.0,1429840.0
201406,7,3,265543.0,1120258.0
201407,1,1,1618064.0,5638947.0
201407,1,2,1006806.0,3256471.0
201407,1,3,611258.0,2382475.0
201407,2,1,1489427.0,9715380.0
201407,2,2,151244.0,676390.0
201407,2,3,1338183.0,9038991.0
201407,3,1,773498.0,5805977.0
201407,3,2,236717.0,1101816.0
201407,3,3,536781.0,4704161.0
201407,4,1,2026627.0,7276073.0
201407,4,2,699994.0,1733745.0
201407,4,3,1326633.0,5542328.0
201407,5,1,885609.0,1671418.0
201407,5,2,480942.0,812651.0
201407,5,3,404667.0,858768.0
201407,6,1,9885449.0,37641540.0
201407,6,2,4798578.0,12942831.0
201407,6,3,5086871.0,24698709.0
201407,7,1,820779.0,3107199.0
201407,7,2,542548.0,1977183.0
201407,7,3,278231.0,1130015.0
201408,1,1,1936158.0,6773374.0
201408,1,2,1210814.0,4096789.0
201408,1,3,725344.0,2676585.0
201408,2,1,1571578.0,10368837.0
201408,2,2,183649.0,888702.0
201408,2,3,1387929.0,9480135.0
201408,3,1,828943.0,6360924.0
201408,3,2,268071.0,1339025.0
201408,3,3,560872.0,5021899.0
201408,4,1,2264010.0,8422027.0
201408,4,2,784009.0,2263405.0
201408,4,3,1480001.0,6158622.0
201408,5,1,810185.0,1552120.0
201408,5,2,437726.0,752889.0
201408,5,3,372459.0,799231.0
201408,6,1,11228638.0,42991384.0
201408,6,2,5684286.0,16450856.0
201408,6,3,5544353.0,26540528.0
201408,7,1,942895.0,3635345.0
201408,7,2,632441.0,2418079.0
201408,7,3,310454.0,1217266.0
201409,1,1,1689952.0,5292118.0
201409,1,2,865602.0,2406656.0
201409,1,3,824350.0,2885462.0
201409,2,1,1313034.0,8497304.0
201409,2,2,124132.0,483989.0
201409,2,3,1188903.0,8013315.0
201409,3,1,687587.0,5212974.0
201409,3,2,183940.0,824897.0
201409,3,3,503647.0,4388076.0
201409,4,1,1744170.0,6035687.0
201409,4,2,593709.0,1405977.0
201409,4,3,1150461.0,4629710.0
201409,5,1,948754.0,1884001.0
201409,5,2,491620.0,837688.0
201409,5,3,457134.0,1046313.0
201409,6,1,9342635.0,33858937.0
201409,6,2,4271468.0,10553437.0
201409,6,3,5071167.0,23305499.0
201409,7,1,718390.0,2715751.0
201409,7,2,425100.0,1507950.0
201409,7,3,293290.0,1207801.0
201410,1,1,1431400.0,4009987.0
201410,1,2,711966.0,1550911.0
201410,1,3,719434.0,2459076.0
201410,2,1,765656.0,4889203.0
201410,2,2,100238.0,302268.0
201410,2,3,665418.0,4586935.0
201410,3,1,759946.0,5514028.0
201410,3,2,146968.0,608917.0
201410,3,3,612978.0,4905111.0
201410,4,1,1483133.0,4157126.0
201410,4,2,514284.0,1002398.0
201410,4,3,968849.0,3154728.0
201410,5,1,1012044.0,1962696.0
201410,5,2,538461.0,902444.0
201410,5,3,473583.0,1060252.0
201410,6,1,7988684.0,26243441.0
201410,6,2,3801189.0,8177902.0
201410,6,3,4187495.0,18065539.0
201410,7,1,630986.0,2168777.0
201410,7,2,349155.0,1076953.0
201410,7,3,281831.0,1091824.0
201411,1,1,866674.0,2091837.0
201411,1,2,537894.0,1103768.0
201411,1,3,328780.0,988069.0
201411,2,1,78477.0,312370.0
201411,2,2,31122.0,81075.0
201411,2,3,47356.0,231295.0
201411,3,1,704721.0,5201845.0
201411,3,2,114673.0,492484.0
201411,3,3,590048.0,4709361.0
201411,4,1,893283.0,2033044.0
201411,4,2,398355.0,726482.0
201411,4,3,494928.0,1306562.0
201411,5,1,815384.0,1566964.0
201411,5,2,485564.0,826744.0
201411,5,3,329820.0,740220.0
201411,6,1,5144062.0,15113125.0
201411,6,2,2962597.0,6063282.0
201411,6,3,2181465.0,9049843.0
201411,7,1,460215.0,1474444.0
201411,7,2,280074.0,782150.0
201411,7,3,180142.0,692294.0
201412,1,1,863937.0,1906017.0
201412,1,2,567424.0,1106896.0
201412,1,3,296513.0,799121.0
201412,2,1,48973.0,175335.0
201412,2,2,19835.0,43014.0
201412,2,3,29138.0,132321.0
201412,3,1,670612.0,4971004.0
201412,3,2,118862.0,494376.0
201412,3,3,551750.0,4476629.0
201412,4,1,925683.0,1995186.0
201412,4,2,460528.0,857873.0
201412,4,3,465155.0,1137313.0
201412,5,1,845083.0,1621664.0
201412,5,2,561481.0,992942.0
201412,5,3,283602.0,628722.0
201412,6,1,4998810.0,14041916.0
201412,6,2,3062373.0,6055408.0
201412,6,3,1936437.0,7986508.0
201412,7,1,401094.0,1196393.0
201412,7,2,270015.0,698350.0
201412,7,3,131079.0,498044.0
201501,1,1,730294.0,1766451.0
201501,1,2,435583.0,902311.0
201501,1,3,294711.0,864140.0
201501,2,1,49048.0,193578.0
201501,2,2,21058.0,49225.0
201501,2,3,27990.0,144353.0
201501,3,1,661459.0,5313318.0
201501,3,2,90597.0,435177.0
201501,3,3,570862.0,4878141.0
201501,4,1,747378.0,1737082.0
201501,4,2,348649.0,691027.0
201501,4,3,398729.0,1046054.0
201501,5,1,742665.0,1449639.0
201501,5,2,462514.0,811339.0
201501,5,3,280151.0,638299.0
201501,6,1,4251906.0,13342087.0
201501,6,2,2393392.0,4981703.0
201501,6,3,1858514.0,8360385.0
201501,7,1,352607.0,1143579.0
201501,7,2,226483.0,660831.0
201501,7,3,126123.0,482748.0
201502,1,1,941567.0,2317982.0
201502,1,2,592854.0,1255482.0
201502,1,3,348713.0,1062500.0
201502,2,1,103747.0,491010.0
201502,2,2,48484.0,181702.0
201502,2,3,55263.0,309308.0
201502,3,1,658120.0,4976572.0
201502,3,2,98016.0,426545.0
201502,3,3,560104.0,4550027.0
201502,4,1,868751.0,1977989.0
201502,4,2,399946.0,743839.0
201502,4,3,468805.0,1234150.0
201502,5,1,768277.0,1417854.0
201502,5,2,467203.0,771331.0
201502,5,3,301074.0,646523.0
201502,6,1,4937718.0,14513335.0
201502,6,2,2878965.0,5821275.0
201502,6,3,2058753.0,8692060.0
201502,7,1,448668.0,1288367.0
201502,7,2,304513.0,752814.0
201502,7,3,144155.0,535553.0
201503,1,1,1127538.0,3039305.0
201503,1,2,671180.0,1644221.0
201503,1,3,456357.0,1395084.0
201503,2,1,200918.0,1095653.0
201503,2,2,64934.0,308938.0
201503,2,3,135984.0,786715.0
201503,3,1,723089.0,5297029.0
201503,3,2,117202.0,434322.0
201503,3,3,605887.0,4862708.0
201503,4,1,1106349.0,2787895.0
201503,4,2,494062.0,1105761.0
201503,4,3,612288.0,1682134.0
201503,5,1,893732.0,1731790.0
201503,5,2,498019.0,839693.0
201503,5,3,395713.0,892097.0
201503,6,1,6146078.0,18596568.0
201503,6,2,3490443.0,7716464.0
201503,6,3,2655636.0,10880104.0
201503,7,1,573800.0,1845551.0
201503,7,2,373328.0,1046876.0
201503,7,3,200472.0,798675.0
201504,1,1,1467149.0,3947161.0
201504,1,2,769073.0,1900705.0
201504,1,3,698076.0,2046456.0
201504,2,1,500367.0,2631310.0
201504,2,2,107273.0,489257.0
201504,2,3,393094.0,2142054.0
201504,3,1,693325.0,4826420.0
201504,3,2,154879.0,619618.0
201504,3,3,538446.0,4206802.0
201504,4,1,1486710.0,4039579.0
201504,4,2,561953.0,1383941.0
201504,4,3,924757.0,2655638.0
201504,5,1,969578.0,1923818.0
201504,5,2,539993.0,947981.0
201504,5,3,429585.0,975838.0
201504,6,1,7668482.0,23087381.0
201504,6,2,4031142.0,9487491.0
201504,6,3,3637340.0,13599890.0
201504,7,1,685330.0,2266795.0
201504,7,2,441015.0,1387211.0
201504,7,3,244314.0,879585.0
201505,1,1,1672023.0,4385688.0
201505,1,2,812986.0,1711168.0
201505,1,3,859037.0,2674520.0
201505,2,1,1140232.0,6173205.0
201505,2,2,123634.0,421781.0
201505,2,3,1016598.0,5751424.0
201505,3,1,679542.0,4585602.0
201505,3,2,174682.0,651219.0
201505,3,3,504860.0,3934382.0
201505,4,1,1812208.0,4892072.0
201505,4,2,647363.0,1316745.0
201505,4,3,1164845.0,3575327.0
201505,5,1,1058447.0,2105146.0
201505,5,2,542958.0,943807.0
201505,5,3,515489.0,1161340.0
201505,6,1,9087139.0,28041622.0
201505,6,2,4102767.0,8808445.0
201505,6,3,4984371.0,19233177.0
201505,7,1,715153.0,2312522.0
201505,7,2,414423.0,1191631.0
201505,7,3,300730.0,1120891.0
201506,1,1,1716033.0,4956350.0
201506,1,2,962824.0,2324838.0
201506,1,3,753209.0,2631513.0
201506,2,1,1369127.0,8459015.0
201506,2,2,162349.0,704502.0
201506,2,3,1206777.0,7754512.0
201506,3,1,665439.0,4782804.0
201506,3,2,187166.0,757181.0
201506,3,3,478274.0,4025623.0
201506,4,1,1856590.0,5543311.0
201506,4,2,718555.0,1548635.0
201506,4,3,1138035.0,3994676.0
201506,5,1,986829.0,1889881.0
201506,5,2,545435.0,905375.0
201506,5,3,441394.0,984506.0
201506,6,1,9481768.0,32092513.0
201506,6,2,4587906.0,10571055.0
201506,6,3,4893862.0,21521458.0
201506,7,1,776316.0,2670079.0
201506,7,2,497150.0,1527955.0
201506,7,3,279166.0,1142124.0
201507,1,1,1776361.0,6167278.0
201507,1,2,1067848.0,3443647.0
201507,1,3,708513.0,2723631.0
201507,2,1,1565602.0,10116009.0
201507,2,2,172086.0,759023.0
201507,2,3,1393516.0,9356986.0
201507,3,1,785862.0,5962170.0
201507,3,2,229192.0,1000732.0
201507,3,3,556671.0,4961438.0
201507,4,1,2126562.0,7577286.0
201507,4,2,780266.0,2046300.0
201507,4,3,1346297.0,5530987.0
201507,5,1,952664.0,1820737.0
201507,5,2,496077.0,817246.0
201507,5,3,456587.0,1003491.0
201507,6,1,10616662.0,39850064.0
201507,6,2,5175659.0,13870398.0
201507,6,3,5441003.0,25979666.0
201507,7,1,884809.0,3328894.0
201507,7,2,581642.0,2094053.0
201507,7,3,303167.0,1234842.0
201508,1,1,2002703.0,7014511.0
201508,1,2,1191856.0,4052150.0
201508,1,3,810848.0,2962361.0
201508,2,1,1623280.0,10737603.0
201508,2,2,191128.0,919417.0
201508,2,3,1432152.0,9818187.0
201508,3,1,829452.0,6522706.0
201508,3,2,247478.0,1285436.0
201508,3,3,581974.0,5237271.0
201508,4,1,2365399.0,8696986.0
201508,4,2,893678.0,2687595.0
201508,4,3,1471720.0,6009390.0
201508,5,1,874779.0,1724555.0
201508,5,2,475035.0,845434.0
201508,5,3,399744.0,879121.0
201508,6,1,11747649.0,44813404.0
201508,6,2,5945162.0,17276215.0
201508,6,3,5802487.0,27537189.0
201508,7,1,994467.0,3827430.0
201508,7,2,664041.0,2495580.0
201508,7,3,330426.0,1331850.0
201509,1,1,1776267.0,5507759.0
201509,1,2,890234.0,2414331.0
201509,1,3,886033.0,3093428.0
201509,2,1,1314703.0,8780085.0
201509,2,2,123596.0,512513.0
201509,2,3,1191107.0,8267572.0
201509,3,1,704966.0,5288940.0
201509,3,2,175854.0,764480.0
201509,3,3,529113.0,4524461.0
201509,4,1,1794383.0,6033659.0
201509,4,2,638760.0,1523431.0
201509,4,3,1155624.0,4510228.0
201509,5,1,1038449.0,2021363.0
201509,5,2,558525.0,950012.0
201509,5,3,479925.0,1071351.0
201509,6,1,9766395.0,34918861.0
201509,6,2,4504038.0,10930759.0
201509,6,3,5262357.0,23988101.0
201509,7,1,743811.0,2819698.0
201509,7,2,437450.0,1525030.0
201509,7,3,306361.0,1294668.0
201510,1,1,1565471.0,4293966.0
201510,1,2,752123.0,1548418.0
201510,1,3,813348.0,2745548.0
201510,2,1,826302.0,5413205.0
201510,2,2,112180.0,305215.0
201510,2,3,714122.0,5107990.0
201510,3,1,795634.0,5626067.0
201510,3,2,146406.0,568441.0
201510,3,3,649227.0,5057626.0
201510,4,1,1627026.0,4421829.0
201510,4,2,609229.0,1137302.0
201510,4,3,1017797.0,3284527.0
201510,5,1,1100652.0,2175149.0
201510,5,2,554028.0,956161.0
201510,5,3,546624.0,1218988.0
201510,6,1,8685869.0,28073790.0
201510,6,2,4137843.0,8586116.0
201510,6,3,4548026.0,19487673.0
201510,7,1,655434.0,2254576.0
201510,7,2,374877.0,1086302.0
201510,7,3,280557.0,1168273.0
201511,1,1,966305.0,2275900.0
201511,1,2,572878.0,1066214.0
201511,1,3,393427.0,1209686.0
201511,2,1,82219.0,322030.0
201511,2,2,33896.0,71610.0
201511,2,3,48323.0,250420.0
201511,3,1,724904.0,5391325.0
201511,3,2,101762.0,405711.0
201511,3,3,623142.0,4985615.0
201511,4,1,961211.0,2197659.0
201511,4,2,386764.0,667233.0
201511,4,3,574447.0,1530426.0
201511,5,1,906746.0,1740505.0
201511,5,2,520701.0,881684.0
201511,5,3,386045.0,858821.0
201511,6,1,5509265.0,15862738.0
201511,6,2,3055877.0,5860457.0
201511,6,3,2453388.0,10002281.0
201511,7,1,471632.0,1400478.0
201511,7,2,281600.0,666312.0
201511,7,3,190032.0,734165.0
201512,1,1,943558.0,2110511.0
201512,1,2,612938.0,1219982.0
201512,1,3,330621.0,890529.0
201512,2,1,57940.0,200527.0
201512,2,2,22473.0,48883.0
201512,2,3,35467.0,151644.0
201512,3,1,713445.0,5266659.0
201512,3,2,118739.0,454353.0
201512,3,3,594705.0,4812307.0
201512,4,1,933788.0,2076707.0
201512,4,2,455845.0,850735.0
201512,4,3,477942.0,1225972.0
201512,5,1,869568.0,1694690.0
201512,5,2,555675.0,981202.0
201512,5,3,313894.0,713488.0
201512,6,1,5318037.0,15043365.0
201512,6,2,3220404.0,6344526.0
201512,6,3,2097633.0,8698839.0
201512,7,1,455359.0,1318178.0
201512,7,2,303775.0,755410.0
201512,7,3,151584.0,562768.0
201601,1,1,818070.0,1995120.0
201601,1,2,480886.0,1015322.0
201601,1,3,337184.0,979799.0
201601,2,1,55193.0,224092.0
201601,2,2,24905.0,60159.0
201601,2,3,30287.0,163933.0
201601,3,1,720429.0,5512214.0
201601,3,2,105879.0,461233.0
201601,3,3,614550.0,5050981.0
201601,4,1,829552.0,1937680.0
201601,4,2,379367.0,747176.0
201601,4,3,450185.0,1190504.0
201601,5,1,771205.0,1524388.0
201601,5,2,461845.0,803406.0
201601,5,3,309360.0,720981.0
201601,6,1,4689264.0,14470851.0
201601,6,2,2618022.0,5428798.0
201601,6,3,2071241.0,9042054.0
201601,7,1,397879.0,1311880.0
201601,7,2,248428.0,719944.0
201601,7,3,149451.0,591936.0
201602,1,1,1061237.0,2618423.0
201602,1,2,677674.0,1457855.0
201602,1,3,383563.0,1160568.0
201602,2,1,122874.0,540910.0
201602,2,2,44401.0,138866.0
201602,2,3,78473.0,402044.0
201602,3,1,734853.0,5447785.0
201602,3,2,97931.0,407232.0
201602,3,3,636921.0,5040553.0
201602,4,1,986261.0,2285877.0
201602,4,2,443152.0,821359.0
201602,4,3,543108.0,1464518.0
201602,5,1,859596.0,1631685.0
201602,5,2,512426.0,871472.0
201602,5,3,347169.0,760213.0
201602,6,1,5561906.0,16379849.0
201602,6,2,3191750.0,6510315.0
201602,6,3,2370156.0,9869534.0
201602,7,1,492498.0,1496056.0
201602,7,2,317758.0,856224.0
201602,7,3,174741.0,639831.0
201603,1,1,1384743.0,3757040.0
201603,1,2,803054.0,1966951.0
201603,1,3,581689.0,1790089.0
201603,2,1,281798.0,1441248.0
201603,2,2,81822.0,318946.0
201603,2,3,199976.0,1122302.0
201603,3,1,808758.0,5956876.0
201603,3,2,128035.0,558660.0
201603,3,3,680723.0,5398216.0
201603,4,1,1330500.0,3387401.0
201603,4,2,624785.0,1418163.0
201603,4,3,705715.0,1969238.0
201603,5,1,952571.0,1845545.0
201603,5,2,520687.0,908623.0
201603,5,3,431885.0,936923.0
201603,6,1,7221796.0,22022933.0
201603,6,2,4110169.0,9419601.0
201603,6,3,3111627.0,12603332.0
201603,7,1,671719.0,2181431.0
201603,7,2,443985.0,1316109.0
201603,7,3,227734.0,865323.0
201604,1,1,1551147.0,4056550.0
201604,1,2,763886.0,1661288.0
201604,1,3,787261.0,2395262.0
201604,2,1,524398.0,2677898.0
201604,2,2,98946.0,358636.0
201604,2,3,425451.0,2319262.0
201604,3,1,766327.0,5303835.0
201604,3,2,140443.0,520773.0
201604,3,3,625885.0,4783062.0
201604,4,1,1482960.0,3901367.0
201604,4,2,542786.0,1235477.0
201604,4,3,940174.0,2665890.0
201604,5,1,978009.0,1853391.0
201604,5,2,504347.0,790756.0
201604,5,3,473663.0,1062635.0
201604,6,1,7735455.0,23056973.0
201604,6,2,3755761.0,7980979.0
201604,6,3,3979694.0,15075994.0
201604,7,1,671337.0,2148362.0
201604,7,2,383157.0,1077460.0
201604,7,3,288180.0,1070902.0
201605,1,1,1756979.0,4805217.0
201605,1,2,826824.0,1862914.0
201605,1,3,930155.0,2942303.0
201605,2,1,1284669.0,7118452.0
201605,2,2,113396.0,437315.0
201605,2,3,1171272.0,6681137.0
201605,3,1,734942.0,5178261.0
201605,3,2,170049.0,660330.0
201605,3,3,564893.0,4517932.0
201605,4,1,1869116.0,5135439.0
201605,4,2,668899.0,1375589.0
201605,4,3,1200217.0,3759850.0
201605,5,1,1069689.0,2017488.0
201605,5,2,552365.0,867609.0
201605,5,3,517324.0,1149879.0
201605,6,1,9569945.0,30401275.0
201605,6,2,4197064.0,8999173.0
201605,6,3,5372881.0,21402102.0
201605,7,1,731099.0,2397067.0
201605,7,2,414346.0,1186492.0
201605,7,3,316754.0,1210576.0
201606,1,1,1804761.0,5270870.0
201606,1,2,971751.0,2219754.0
201606,1,3,833009.0,3051116.0
201606,2,1,1539930.0,9183976.0
201606,2,2,163743.0,608546.0
201606,2,3,1376186.0,8575430.0
201606,3,1,748643.0,5436486.0
201606,3,2,185047.0,756693.0
201606,3,3,563596.0,4679793.0
201606,4,1,2030224.0,5951253.0
201606,4,2,779106.0,1592502.0
201606,4,3,1251118.0,4358751.0
201606,5,1,1037175.0,1938550.0
201606,5,2,546344.0,854091.0
201606,5,3,490831.0,1084459.0
201606,6,1,10180427.0,34430872.0
201606,6,2,4723090.0,10350864.0
201606,6,3,5457337.0,24080008.0
201606,7,1,796416.0,2662517.0
201606,7,2,497722.0,1454643.0
201606,7,3,298694.0,1207875.0
201607,1,1,1920141.0,6582257.0
201607,1,2,1089296.0,3425284.0
201607,1,3,830845.0,3156972.0
201607,2,1,1725962.0,10638009.0
201607,2,2,173446.0,741548.0
201607,2,3,1552517.0,9896460.0
201607,3,1,869448.0,6613722.0
201607,3,2,219427.0,1023831.0
201607,3,3,650021.0,5589891.0
201607,4,1,2402995.0,8171483.0
201607,4,2,874641.0,2212941.0
201607,4,3,1528353.0,5958542.0
201607,5,1,969116.0,1893521.0
201607,5,2,502468.0,841845.0
201607,5,3,466648.0,1051676.0
201607,6,1,11605320.0,42948946.0
201607,6,2,5504356.0,14586701.0
201607,6,3,6100964.0,28362245.0
201607,7,1,977097.0,3654096.0
201607,7,2,629772.0,2234263.0
201607,7,3,347326.0,1419833.0
201608,1,1,2050220.0,7155098.0
201608,1,2,1176004.0,3850822.0
201608,1,3,874216.0,3304276.0
201608,2,1,1745267.0,10921751.0
201608,2,2,173893.0,818549.0
201608,2,3,1571374.0,10103202.0
201608,3,1,871275.0,7014090.0
201608,3,2,228342.0,1223647.0
201608,3,3,642934.0,5790444.0
201608,4,1,2438860.0,8994168.0
201608,4,2,910431.0,2739109.0
201608,4,3,1528429.0,6255059.0
201608,5,1,902997.0,1816501.0
201608,5,2,476530.0,857198.0
201608,5,3,426467.0,959303.0
201608,6,1,12187504.0,46502956.0
201608,6,2,5993466.0,17245641.0
201608,6,3,6194038.0,29257315.0
201608,7,1,996293.0,3936825.0
201608,7,2,648129.0,2475481.0
201608,7,3,348164.0,1461344.0
201609,1,1,1853000.0,5789772.0
201609,1,2,879774.0,2351963.0
201609,1,3,973226.0,3437809.0
201609,2,1,1501207.0,9279703.0
201609,2,2,132777.0,521822.0
201609,2,3,1368430.0,8757881.0
201609,3,1,743224.0,5811546.0
201609,3,2,166276.0,771774.0
201609,3,3,576947.0,5039772.0
201609,4,1,1968077.0,6450164.0
201609,4,2,698637.0,1597899.0
201609,4,3,1269440.0,4852265.0
201609,5,1,1057307.0,2059861.0
201609,5,2,537433.0,895871.0
201609,5,3,519874.0,1163990.0
201609,6,1,10486719.0,37218422.0
201609,6,2,4672782.0,11216422.0
201609,6,3,5813937.0,26001999.0
201609,7,1,832687.0,3074351.0
201609,7,2,480936.0,1626468.0
201609,7,3,351750.0,1447883.0
201610,1,1,1686180.0,4848164.0
201610,1,2,805382.0,1774823.0
201610,1,3,880798.0,3073341.0
201610,2,1,931925.0,6019888.0
201610,2,2,128255.0,453456.0
201610,2,3,803670.0,5566432.0
201610,3,1,858909.0,6137042.0
201610,3,2,143656.0,581308.0
201610,3,3,715254.0,5555734.0
201610,4,1,1730997.0,4685287.0
201610,4,2,628144.0,1216213.0
201610,4,3,1102853.0,3469074.0
201610,5,1,1085035.0,2132406.0
201610,5,2,557933.0,961972.0
201610,5,3,527102.0,1170434.0
201610,6,1,9274924.0,30587997.0
201610,6,2,4358634.0,9442129.0
201610,6,3,4916290.0,21145869.0
201610,7,1,718386.0,2504601.0
201610,7,2,399748.0,1197221.0
201610,7,3,318638.0,1307381.0
201611,1,1,1015790.0,2483438.0
201611,1,2,574512.0,1165512.0
201611,1,3,441278.0,1317927.0
201611,2,1,96944.0,428457.0
201611,2,2,38552.0,118733.0
201611,2,3,58392.0,309724.0
201611,3,1,734870.0,5683971.0
201611,3,2,105273.0,441092.0
201611,3,3,629597.0,5242878.0
201611,4,1,1013465.0,2338240.0
201611,4,2,413129.0,770642.0
201611,4,3,600336.0,1567598.0
201611,5,1,917807.0,1749889.0
201611,5,2,525293.0,881446.0
201611,5,3,392514.0,868443.0
201611,6,1,5786675.0,17134705.0
201611,6,2,3186298.0,6476574.0
201611,6,3,2600378.0,10658131.0
201611,7,1,538453.0,1726891.0
201611,7,2,317886.0,860923.0
201611,7,3,220567.0,865968.0
201612,1,1,966347.0,2193025.0
201612,1,2,595675.0,1231488.0
201612,1,3,370673.0,961537.0
201612,2,1,68543.0,237980.0
201612,2,2,26521.0,59824.0
201612,2,3,42022.0,178156.0
201612,3,1,760016.0,5606991.0
201612,3,2,122259.0,518386.0
201612,3,3,637758.0,5088604.0
201612,4,1,1011373.0,2312262.0
201612,4,2,476090.0,902125.0
201612,4,3,535283.0,1410137.0
201612,5,1,888804.0,1773267.0
201612,5,2,546597.0,981037.0
201612,5,3,342208.0,792231.0
201612,6,1,5540097.0,16013165.0
201612,6,2,3231853.0,6581936.0
201612,6,3,2308244.0,9431229.0
201612,7,1,451157.0,1360094.0
201612,7,2,284713.0,754832.0
201612,7,3,166444.0,605261.0
201701,1,1,892265.0,2042959.0
201701,1,2,496846.0,960332.0
201701,1,3,395419.0,1082626.0
201701,2,1,55727.0,224756.0
201701,2,2,23268.0,55492.0
201701,2,3,32458.0,169263.0
201701,3,1,739102.0,5858214.0
201701,3,2,94678.0,430545.0
201701,3,3,644425.0,5427669.0
201701,4,1,900538.0,2026648.0
201701,4,2,378975.0,710738.0
201701,4,3,521563.0,1315910.0
201701,5,1,847583.0,1691367.0
201701,5,2,485984.0,856283.0
201701,5,3,361600.0,835084.0
201701,6,1,4984634.0,15200690.0
201701,6,2,2655015.0,5316890.0
201701,6,3,2329619.0,9883800.0
201701,7,1,406855.0,1291976.0
201701,7,2,238814.0,645214.0
201701,7,3,168041.0,646762.0
201702,1,1,1049004.0,2491926.0
201702,1,2,622114.0,1261758.0
201702,1,3,426890.0,1230168.0
201702,2,1,129922.0,522678.0
201702,2,2,54662.0,167520.0
201702,2,3,75260.0,355159.0
201702,3,1,744398.0,5431297.0
201702,3,2,93796.0,390804.0
201702,3,3,650602.0,5040492.0
201702,4,1,1023683.0,2328476.0
201702,4,2,435363.0,793586.0
201702,4,3,588319.0,1534890.0
201702,5,1,887678.0,1692260.0
201702,5,2,512811.0,862468.0
201702,5,3,374867.0,829793.0
201702,6,1,5689624.0,16346534.0
201702,6,2,3157734.0,6225212.0
201702,6,3,2531890.0,10121322.0
201702,7,1,508080.0,1457446.0
201702,7,2,318443.0,761147.0
201702,7,3,189637.0,696299.0
201703,1,1,1291347.0,3380964.0
201703,1,2,705705.0,1641704.0
201703,1,3,585642.0,1739260.0
201703,2,1,248405.0,1215890.0
201703,2,2,81237.0,342116.0
201703,2,3,167168.0,873775.0
201703,3,1,803834.0,5849571.0
201703,3,2,113076.0,445780.0
201703,3,3,690758.0,5403791.0
201703,4,1,1318810.0,3146212.0
201703,4,2,545304.0,1118657.0
201703,4,3,773506.0,2027555.0
201703,5,1,983876.0,1894658.0
201703,5,2,527856.0,882747.0
201703,5,3,456020.0,1011910.0
201703,6,1,6921086.0,20508641.0
201703,6,2,3706176.0,7938883.0
201703,6,3,3214910.0,12569758.0
201703,7,1,638042.0,2014824.0
201703,7,2,384076.0,1048121.0
201703,7,3,253967.0,966702.0
201704,1,1,1765905.0,4787905.0
201704,1,2,875700.0,2122056.0
201704,1,3,890205.0,2665849.0
201704,2,1,571312.0,2954104.0
201704,2,2,107073.0,409113.0
201704,2,3,464239.0,2544992.0
201704,3,1,872719.0,5861018.0
201704,3,2,176764.0,681517.0
201704,3,3,695954.0,5179501.0
201704,4,1,1835414.0,4860980.0
201704,4,2,719618.0,1724570.0
201704,4,3,1115796.0,3136411.0
201704,5,1,1067032.0,2165634.0
201704,5,2,536729.0,943240.0
201704,5,3,530303.0,1222393.0
201704,6,1,9209286.0,27549426.0
201704,6,2,4688384.0,10757733.0
201704,6,3,4520901.0,16791693.0
201704,7,1,807816.0,2602681.0
201704,7,2,495566.0,1428819.0
201704,7,3,312250.0,1173862.0
201705,1,1,1804719.0,4880292.0
201705,1,2,803315.0,1747488.0
201705,1,3,1001404.0,3132804.0
201705,2,1,1333964.0,7422865.0
201705,2,2,143630.0,497317.0
201705,2,3,1190334.0,6925548.0
201705,3,1,745463.0,5252323.0
201705,3,2,166035.0,651124.0
201705,3,3,579429.0,4601199.0
201705,4,1,1910609.0,5304838.0
201705,4,2,626583.0,1323064.0
201705,4,3,1284026.0,3981774.0
201705,5,1,1102462.0,2168316.0
201705,5,2,553773.0,920437.0
201705,5,3,548690.0,1247879.0
201705,6,1,9844007.0,31439920.0
201705,6,2,4177945.0,9023683.0
201705,6,3,5666062.0,22416238.0
201705,7,1,774387.0,2495903.0
201705,7,2,419905.0,1156538.0
201705,7,3,354481.0,1339365.0
201706,1,1,1875440.0,5547936.0
201706,1,2,945831.0,2191504.0
201706,1,3,929609.0,3356432.0
201706,2,1,1563138.0,9420349.0
201706,2,2,178385.0,702774.0
201706,2,3,1384753.0,8717575.0
201706,3,1,790561.0,5654437.0
201706,3,2,179099.0,751768.0
201706,3,3,611462.0,4902669.0
201706,4,1,2181419.0,6699077.0
201706,4,2,817555.0,1732843.0
201706,4,3,1363864.0,4966234.0
201706,5,1,1072991.0,2162892.0
201706,5,2,536784.0,898539.0
201706,5,3,536206.0,1264354.0
201706,6,1,10640606.0,36646402.0
201706,6,2,4785681.0,10850740.0
201706,6,3,5854925.0,25795662.0
201706,7,1,860704.0,2925371.0
201706,7,2,520257.0,1546270.0
201706,7,3,340447.0,1379101.0
201707,1,1,1935158.0,6567798.0
201707,1,2,1055694.0,3241594.0
201707,1,3,879464.0,3326203.0
201707,2,1,1781881.0,10677426.0
201707,2,2,190036.0,805712.0
201707,2,3,1591845.0,9871714.0
201707,3,1,915220.0,6703140.0
201707,3,2,222182.0,1016676.0
201707,3,3,693038.0,5686463.0
201707,4,1,2471000.0,8450255.0
201707,4,2,860492.0,2164074.0
201707,4,3,1610508.0,6286181.0
201707,5,1,1041379.0,2073274.0
201707,5,2,511157.0,846413.0
201707,5,3,530222.0,1226861.0
201707,6,1,11910574.0,43624461.0
201707,6,2,5453609.0,14336386.0
201707,6,3,6456965.0,29288076.0
201707,7,1,1003252.0,3626621.0
201707,7,2,613352.0,2097381.0
201707,7,3,389900.0,1529239.0
201708,1,1,2048680.0,7106106.0
201708,1,2,1119329.0,3679226.0
201708,1,3,929351.0,3426880.0
201708,2,1,1732706.0,10839522.0
201708,2,2,201011.0,911072.0
201708,2,3,1531695.0,9928450.0
201708,3,1,902809.0,7040351.0
201708,3,2,243476.0,1269308.0
201708,3,3,659333.0,5771043.0
201708,4,1,2434939.0,8941201.0
201708,4,2,879521.0,2595839.0
201708,4,3,1555418.0,6345362.0
201708,5,1,956166.0,1966960.0
201708,5,2,478174.0,842081.0
201708,5,3,477992.0,1124879.0
201708,6,1,12338502.0,46657187.0
201708,6,2,5970747.0,17063116.0
201708,6,3,6367755.0,29594071.0
201708,7,1,1022462.0,3913874.0
201708,7,2,635255.0,2354272.0
201708,7,3,387207.0,1559601.0
201709,1,1,1919699.0,5938714.0
201709,1,2,878892.0,2263297.0
201709,1,3,1040807.0,3675417.0
201709,2,1,1553939.0,9242703.0
201709,2,2,151182.0,616259.0
201709,2,3,1402757.0,8626444.0
201709,3,1,828709.0,5938904.0
201709,3,2,189972.0,836776.0
201709,3,3,638737.0,5102128.0
201709,4,1,2063388.0,6639783.0
201709,4,2,709537.0,1592295.0
201709,4,3,1353850.0,5047488.0
201709,5,1,1071837.0,2125666.0
201709,5,2,518868.0,872362.0
201709,5,3,552969.0,1253304.0
201709,6,1,10933324.0,37961599.0
201709,6,2,4762659.0,11355257.0
201709,6,3,6170665.0,26606342.0
201709,7,1,858770.0,3108188.0
201709,7,2,478428.0,1583599.0
201709,7,3,380342.0,1524589.0
201710,1,1,1734324.0,4923433.0
201710,1,2,786722.0,1688147.0
201710,1,3,947601.0,3235286.0
201710,2,1,1007285.0,6168244.0
201710,2,2,134237.0,410747.0
201710,2,3,873049.0,5757497.0
201710,3,1,888854.0,6241786.0
201710,3,2,148866.0,606043.0
201710,3,3,739988.0,5635742.0
201710,4,1,1661420.0,4552726.0
201710,4,2,593069.0,1190670.0
201710,4,3,1068351.0,3362056.0
201710,5,1,1100288.0,2184448.0
201710,5,2,532131.0,919497.0
201710,5,3,568157.0,1264950.0
201710,6,1,9458368.0,30898617.0
201710,6,2,4302582.0,9259019.0
201710,6,3,5155786.0,21639598.0
201710,7,1,753459.0,2496717.0
201710,7,2,407178.0,1157939.0
201710,7,3,346281.0,1338778.0
201711,1,1,1079041.0,2578730.0
201711,1,2,606132.0,1207567.0
201711,1,3,472909.0,1371163.0
201711,2,1,116628.0,448812.0
201711,2,2,46724.0,156305.0
201711,2,3,69905.0,292508.0
201711,3,1,767951.0,5722846.0
201711,3,2,109358.0,441137.0
201711,3,3,658593.0,5281709.0
201711,4,1,993635.0,2182138.0
201711,4,2,415361.0,734981.0
201711,4,3,578274.0,1447157.0
201711,5,1,971224.0,1938635.0
201711,5,2,541722.0,932832.0
201711,5,3,429502.0,1005803.0
201711,6,1,6068289.0,17537436.0
201711,6,2,3340928.0,6723998.0
201711,6,3,2727362.0,10813437.0
201711,7,1,570968.0,1766215.0
201711,7,2,339724.0,870844.0
201711,7,3,231244.0,895371.0
201712,1,1,1034110.0,2314425.0
201712,1,2,647986.0,1333621.0
201712,1,3,386124.0,980803.0
201712,2,1,70151.0,238590.0
201712,2,2,33277.0,91163.0
201712,2,3,36874.0,147427.0
201712,3,1,775567.0,5463327.0
201712,3,2,132848.0,526199.0
201712,3,3,642719.0,4937129.0
201712,4,1,977112.0,2088119.0
201712,4,2,472410.0,869481.0
201712,4,3,504701.0,1218637.0
201712,5,1,964076.0,1940509.0
201712,5,2,602508.0,1064621.0
201712,5,3,361568.0,875888.0
201712,6,1,5805767.0,16211799.0
201712,6,2,3461708.0,6983672.0
201712,6,3,2344059.0,9228127.0
201712,7,1,502382.0,1486509.0
201712,7,2,320535.0,827143.0
201712,7,3,181847.0,659367.0
201801,1,1,912840.0,2127463.0
201801,1,2,511537.0,997507.0
201801,1,3,401303.0,1129956.0
201801,2,1,65301.0,223454.0
201801,2,2,27144.0,64477.0
201801,2,3,38157.0,158976.0
201801,3,1,740939.0,5736288.0
201801,3,2,98079.0,432398.0
201801,3,3,642860.0,5303889.0
201801,4,1,927042.0,2060176.0
201801,4,2,382568.0,698750.0
201801,4,3,544474.0,1361426.0
201801,5,1,864607.0,1747430.0
201801,5,2,514887.0,896539.0
201801,5,3,349721.0,850891.0
201801,6,1,5133729.0,15395882.0
201801,6,2,2743159.0,5459601.0
201801,6,3,2390570.0,9936282.0
201801,7,1,433494.0,1329467.0
201801,7,2,242785.0,634881.0
201801,7,3,190709.0,694586.0
201802,1,1,1113961.0,2580242.0
201802,1,2,657824.0,1272306.0
201802,1,3,456137.0,1307936.0
201802,2,1,147818.0,588429.0
201802,2,2,64600.0,194180.0
201802,2,3,83217.0,394248.0
201802,3,1,759714.0,5385244.0
201802,3,2,102381.0,398995.0
201802,3,3,657333.0,4986249.0
201802,4,1,1021010.0,2283130.0
201802,4,2,421878.0,739141.0
201802,4,3,599132.0,1543989.0
201802,5,1,906604.0,1730383.0
201802,5,2,530705.0,891220.0
201802,5,3,375898.0,839162.0
201802,6,1,5826145.0,16527859.0
201802,6,2,3208522.0,6238722.0
201802,6,3,2617623.0,10289137.0
201802,7,1,532642.0,1520015.0
201802,7,2,324151.0,769308.0
201802,7,3,208491.0,750707.0
201803,1,1,1395916.0,3750184.0
201803,1,2,782158.0,1860174.0
201803,1,3,613758.0,1890010.0
201803,2,1,269771.0,1290879.0
201803,2,2,89468.0,331686.0
201803,2,3,180302.0,959193.0
201803,3,1,875771.0,5892291.0
201803,3,2,145774.0,529745.0
201803,3,3,729997.0,5362546.0
201803,4,1,1386693.0,3283756.0
201803,4,2,586368.0,1206306.0
201803,4,3,800325.0,2077450.0
201803,5,1,1030103.0,2003045.0
201803,5,2,564073.0,955408.0
201803,5,3,466030.0,1047637.0
201803,6,1,7532288.0,21918931.0
201803,6,2,4136756.0,8972022.0
201803,6,3,3395532.0,12946909.0
201803,7,1,729223.0,2211943.0
201803,7,2,452982.0,1222015.0
201803,7,3,276241.0,989928.0
201804,1,1,1659194.0,4455071.0
201804,1,2,795272.0,1907120.0
201804,1,3,863922.0,2547950.0
201804,2,1,554074.0,2834734.0
201804,2,2,94236.0,372892.0
201804,2,3,459838.0,2461842.0
201804,3,1,790985.0,5343609.0
201804,3,2,146797.0,547719.0
201804,3,3,644188.0,4795889.0
201804,4,1,1647449.0,4224356.0
201804,4,2,614901.0,1365213.0
201804,4,3,1032548.0,2859142.0
201804,5,1,1041419.0,2082360.0
201804,5,2,520285.0,876416.0
201804,5,3,521134.0,1205943.0
201804,6,1,8499926.0,25207350.0
201804,6,2,4154873.0,9259508.0
201804,6,3,4345053.0,15947842.0
201804,7,1,786416.0,2472798.0
201804,7,2,453863.0,1271738.0
201804,7,3,332553.0,1201060.0
201805,1,1,1825424.0,5030188.0
201805,1,2,818631.0,1804934.0
201805,1,3,1006793.0,3225254.0
201805,2,1,1393844.0,7439429.0
201805,2,2,159954.0,544398.0
201805,2,3,1233891.0,6895031.0
201805,3,1,747404.0,5161813.0
201805,3,2,163523.0,623770.0
201805,3,3,583881.0,4538044.0
201805,4,1,1956281.0,5522528.0
201805,4,2,627770.0,1350816.0
201805,4,3,1328511.0,4171712.0
201805,5,1,1101406.0,2188981.0
201805,5,2,562675.0,939310.0
201805,5,3,538731.0,1249670.0
201805,6,1,10040281.0,31921157.0
201805,6,2,4250360.0,9188503.0
201805,6,3,5789920.0,22732654.0
201805,7,1,793212.0,2549751.0
201805,7,2,420104.0,1132934.0
201805,7,3,373108.0,1416817.0
201806,1,1,1895563.0,5558307.0
201806,1,2,956832.0,2266790.0
201806,1,3,938731.0,3291517.0
201806,2,1,1645012.0,9338251.0
201806,2,2,172865.0,620301.0
201806,2,3,1472147.0,8717950.0
201806,3,1,790802.0,5438607.0
201806,3,2,201150.0,784506.0
201806,3,3,589652.0,4654101.0
201806,4,1,2168168.0,6401279.0
201806,4,2,764069.0,1541308.0
201806,4,3,1404099.0,4859970.0
201806,5,1,1128276.0,2188747.0
201806,5,2,575242.0,963585.0
201806,5,3,553034.0,1225162.0
201806,6,1,10846347.0,36168465.0
201806,6,2,4868754.0,10857338.0
201806,6,3,5977593.0,25311127.0
201806,7,1,892687.0,2922869.0
201806,7,2,536877.0,1559647.0
201806,7,3,355810.0,1363222.0
201807,1,1,1954630.0,6575166.0
201807,1,2,1089393.0,3417508.0
201807,1,3,865237.0,3157658.0
201807,2,1,1760514.0,10737783.0
201807,2,2,176438.0,749173.0
201807,2,3,1584076.0,9988610.0
201807,3,1,886889.0,6395243.0
201807,3,2,234614.0,1036919.0
201807,3,3,652275.0,5358324.0
201807,4,1,2373993.0,7949609.0
201807,4,2,828278.0,1997416.0
201807,4,3,1545714.0,5952192.0
201807,5,1,1087738.0,2113266.0
201807,5,2,516910.0,861847.0
201807,5,3,570828.0,1251419.0
201807,6,1,11707840.0,42717096.0
201807,6,2,5380698.0,14185066.0
201807,6,3,6327142.0,28532030.0
201807,7,1,983431.0,3558871.0
201807,7,2,606185.0,2091117.0
201807,7,3,377245.0,1467753.0
201808,1,1,2171324.0,7257235.0
201808,1,2,1270277.0,4103634.0
201808,1,3,901047.0,3153601.0
201808,2,1,1704023.0,10822370.0
201808,2,2,188843.0,865200.0
201808,2,3,1515180.0,9957170.0
201808,3,1,915700.0,6878964.0
201808,3,2,277404.0,1407066.0
201808,3,3,638295.0,5471898.0
201808,4,1,2467480.0,8692145.0
201808,4,2,894527.0,2547434.0
201808,4,3,1572953.0,6144711.0
201808,5,1,957909.0,1925198.0
201808,5,2,481301.0,854666.0
201808,5,3,476607.0,1070532.0
201808,6,1,12500596.0,46306240.0
201808,6,2,6181557.0,17534070.0
201808,6,3,6319039.0,28772169.0
201808,7,1,1044006.0,3915758.0
201808,7,2,660233.0,2421301.0
201808,7,3,383774.0,1494457.0
201809,1,1,1940112.0,5933795.0
201809,1,2,924040.0,2402556.0
201809,1,3,1016072.0,3531238.0
201809,2,1,1562900.0,9151847.0
201809,2,2,151240.0,561130.0
201809,2,3,1411660.0,8590717.0
201809,3,1,807727.0,5832939.0
201809,3,2,201601.0,880442.0
201809,3,3,606126.0,4952497.0
201809,4,1,2092485.0,6596542.0
201809,4,2,705950.0,1513832.0
201809,4,3,1386535.0,5082710.0
201809,5,1,1115273.0,2189183.0
201809,5,2,554765.0,935194.0
201809,5,3,560508.0,1253989.0
201809,6,1,11000902.0,37768667.0
201809,6,2,4840570.0,11410767.0
201809,6,3,6160333.0,26357900.0
201809,7,1,871379.0,3076005.0
201809,7,2,478064.0,1538768.0
201809,7,3,393315.0,1537237.0
201810,1,1,1744165.0,4871026.0
201810,1,2,797481.0,1741524.0
201810,1,3,946684.0,3129501.0
201810,2,1,1024217.0,6074821.0
201810,2,2,142964.0,424553.0
201810,2,3,881253.0,5650268.0
201810,3,1,891335.0,6148394.0
201810,3,2,172887.0,654586.0
201810,3,3,718448.0,5493808.0
201810,4,1,1790022.0,4853341.0
201810,4,2,590105.0,1120300.0
201810,4,3,1199917.0,3733041.0
201810,5,1,1162482.0,2291026.0
201810,5,2,559826.0,943710.0
201810,5,3,602656.0,1347316.0
201810,6,1,9666570.0,31132356.0
201810,6,2,4354922.0,9285954.0
201810,6,3,5311648.0,21846402.0
201810,7,1,764945.0,2555060.0
201810,7,2,400285.0,1125919.0
201810,7,3,364659.0,1429141.0
201811,1,1,1155060.0,2749069.0
201811,1,2,656171.0,1306500.0
201811,1,3,498889.0,1442570.0
201811,2,1,103611.0,384119.0
201811,2,2,45450.0,129162.0
201811,2,3,58161.0,254957.0
201811,3,1,759480.0,5495397.0
201811,3,2,119831.0,475797.0
201811,3,3,639649.0,5019600.0
201811,4,1,1131352.0,2505359.0
201811,4,2,428103.0,748748.0
201811,4,3,703249.0,1756612.0
201811,5,1,1047946.0,2076793.0
201811,5,2,581438.0,1002877.0
201811,5,3,466508.0,1073916.0
201811,6,1,6485702.0,18261076.0
201811,6,2,3551431.0,7155122.0
201811,6,3,2934271.0,11105954.0
201811,7,1,611576.0,1871330.0
201811,7,2,352067.0,912471.0
201811,7,3,259509.0,958859.0
201812,1,1,1070219.0,2392356.0
201812,1,2,646940.0,1288169.0
201812,1,3,423278.0,1104187.0
201812,2,1,91726.0,287577.0
201812,2,2,30396.0,64474.0
201812,2,3,61330.0,223103.0
201812,3,1,776833.0,5299654.0
201812,3,2,134482.0,527279.0
201812,3,3,642350.0,4772375.0
201812,4,1,1083357.0,2373046.0
201812,4,2,485083.0,883202.0
201812,4,3,598274.0,1489843.0
201812,5,1,992497.0,1997390.0
201812,5,2,598334.0,1069109.0
201812,5,3,394163.0,928281.0
201812,6,1,6071139.0,16655848.0
201812,6,2,3494108.0,6953070.0
201812,6,3,2577031.0,9702778.0
201812,7,1,535678.0,1555845.0
201812,7,2,332653.0,837404.0
201812,7,3,203025.0,718441.0
201901,1,1,958170.0,2230519.0
201901,1,2,522098.0,1013139.0
201901,1,3,436073.0,1217380.0
201901,2,1,59391.0,183719.0
201901,2,2,26306.0,54408.0
201901,2,3,33085.0,129311.0
201901,3,1,749381.0,5558651.0
201901,3,2,110257.0,458846.0
201901,3,3,639124.0,5099806.0
201901,4,1,959797.0,2179437.0
201901,4,2,368764.0,674311.0
201901,4,3,591034.0,1505126.0
201901,5,1,873095.0,1769846.0
201901,5,2,504310.0,881136.0
201901,5,3,368785.0,888710.0
201901,6,1,5251558.0,15506154.0
201901,6,2,2755656.0,5499882.0
201901,6,3,2495901.0,10006273.0
201901,7,1,478157.0,1427990.0
201901,7,2,277707.0,704581.0
201901,7,3,200449.0,723409.0
201902,1,1,1168473.0,2668568.0
201902,1,2,695868.0,1329316.0
201902,1,3,472605.0,1339252.0
201902,2,1,131555.0,511031.0
201902,2,2,51587.0,153099.0
201902,2,3,79968.0,357932.0
201902,3,1,748820.0,5104651.0
201902,3,2,114156.0,408776.0
201902,3,3,634664.0,4695875.0
201902,4,1,1097040.0,2452976.0
201902,4,2,441263.0,759928.0
201902,4,3,655777.0,1693048.0
201902,5,1,922651.0,1762240.0
201902,5,2,528779.0,880621.0
201902,5,3,393872.0,881619.0
201902,6,1,6011298.0,16589486.0
201902,6,2,3315368.0,6396288.0
201902,6,3,2695930.0,10193198.0
201902,7,1,565502.0,1590509.0
201902,7,2,345367.0,836184.0
201902,7,3,220135.0,754324.0
201903,1,1,1466711.0,3758094.0
201903,1,2,807372.0,1842272.0
201903,1,3,659339.0,1915822.0
201903,2,1,257928.0,1147223.0
201903,2,2,73394.0,215128.0
201903,2,3,184534.0,932094.0
201903,3,1,849835.0,5717829.0
201903,3,2,139417.0,492992.0
201903,3,3,710417.0,5224836.0
201903,4,1,1362327.0,3196073.0
201903,4,2,534207.0,1070819.0
201903,4,3,828120.0,2125254.0
201903,5,1,1079289.0,2176778.0
201903,5,2,579601.0,979040.0
201903,5,3,499689.0,1197738.0
201903,6,1,7534311.0,21520914.0
201903,6,2,4033782.0,8482404.0
201903,6,3,3500530.0,13038510.0
201903,7,1,712274.0,2168762.0
201903,7,2,434002.0,1166465.0
201903,7,3,278272.0,1002297.0
201904,1,1,1786426.0,4782167.0
201904,1,2,863405.0,2125055.0
201904,1,3,923021.0,2657112.0
201904,2,1,658987.0,3064617.0
201904,2,2,112304.0,354124.0
201904,2,3,546683.0,2710493.0
201904,3,1,829982.0,5471123.0
201904,3,2,182947.0,668328.0
201904,3,3,647035.0,4802794.0
201904,4,1,1786884.0,4639616.0
201904,4,2,650899.0,1504697.0
201904,4,3,1135985.0,3134919.0
201904,5,1,1065508.0,2192962.0
201904,5,2,544970.0,949015.0
201904,5,3,520538.0,1243947.0
201904,6,1,9138989.0,26808982.0
201904,6,2,4470668.0,10124829.0
201904,6,3,4668321.0,16684153.0
201904,7,1,803287.0,2502992.0
201904,7,2,463413.0,1346924.0
201904,7,3,339874.0,1156068.0
201905,1,1,1973786.0,5208515.0
201905,1,2,940680.0,2028654.0
201905,1,3,1033106.0,3179861.0
201905,2,1,1406588.0,7106545.0
201905,2,2,168744.0,514204.0
201905,2,3,1237844.0,6592341.0
201905,3,1,769953.0,4952913.0
201905,3,2,200990.0,732051.0
201905,3,3,568963.0,4220862.0
201905,4,1,1997378.0,5411223.0
201905,4,2,637040.0,1281802.0
201905,4,3,1360338.0,4129421.0
201905,5,1,1172955.0,2347283.0
201905,5,2,568723.0,962658.0
201905,5,3,604232.0,1384625.0
201905,6,1,10509949.0,31905788.0
201905,6,2,4578814.0,9830228.0
201905,6,3,5931136.0,22075560.0
201905,7,1,839376.0,2573788.0
201905,7,2,467182.0,1291722.0
201905,7,3,372194.0,1282066.0
201906,1,1,2014675.0,5756916.0
201906,1,2,1051680.0,2473358.0
201906,1,3,962995.0,3283558.0
201906,2,1,1654313.0,9212919.0
201906,2,2,187072.0,648436.0
201906,2,3,1467241.0,8564483.0
201906,3,1,812727.0,5433216.0
201906,3,2,235759.0,911977.0
201906,3,3,576967.0,4521239.0
201906,4,1,2300304.0,6853984.0
201906,4,2,810104.0,1653374.0
201906,4,3,1490200.0,5200609.0
201906,5,1,1172410.0,2325474.0
201906,5,2,577243.0,959259.0
201906,5,3,595166.0,1366216.0
201906,6,1,11371775.0,37163185.0
201906,6,2,5183371.0,11606159.0
201906,6,3,6188404.0,25557026.0
201906,7,1,951896.0,2994494.0
201906,7,2,588068.0,1684079.0
201906,7,3,363828.0,1310415.0
201907,1,1,2082413.0,6752488.0
201907,1,2,1198072.0,3621961.0
201907,1,3,884341.0,3130527.0
201907,2,1,1803571.0,10532392.0
201907,2,2,198977.0,776686.0
201907,2,3,1604594.0,9755705.0
201907,3,1,888349.0,6270690.0
201907,3,2,265749.0,1145170.0
201907,3,3,622600.0,5125520.0
201907,4,1,2436525.0,8162656.0
201907,4,2,824209.0,2011315.0
201907,4,3,1612316.0,6151341.0
201907,5,1,1117908.0,2274448.0
201907,5,2,528508.0,907375.0
201907,5,3,589400.0,1367073.0
201907,6,1,12124664.0,43199530.0
201907,6,2,5669457.0,14871768.0
201907,6,3,6455207.0,28327761.0
201907,7,1,1041660.0,3645834.0
201907,7,2,654250.0,2235222.0
201907,7,3,387411.0,1410611.0
201908,1,1,2271277.0,7587225.0
201908,1,2,1346828.0,4374388.0
201908,1,3,924449.0,3212837.0
201908,2,1,1819172.0,10848790.0
201908,2,2,218030.0,969715.0
201908,2,3,1601142.0,9879075.0
201908,3,1,923121.0,6637972.0
201908,3,2,315289.0,1502397.0
201908,3,3,607832.0,5135576.0
201908,4,1,2586101.0,8920781.0
201908,4,2,893325.0,2499681.0
201908,4,3,1692776.0,6421100.0
201908,5,1,985547.0,2023616.0
201908,5,2,470435.0,833852.0
201908,5,3,515112.0,1189764.0
201908,6,1,13028096.0,47059511.0
201908,6,2,6432729.0,18245766.0
201908,6,3,6595367.0,28813745.0
201908,7,1,1111957.0,4034462.0
201908,7,2,712118.0,2570301.0
201908,7,3,399839.0,1464160.0
201909,1,1,2017526.0,6048766.0
201909,1,2,969409.0,2526242.0
201909,1,3,1048117.0,3522524.0
201909,2,1,1570751.0,9003638.0
201909,2,2,167143.0,608876.0
201909,2,3,1403608.0,8394762.0
201909,3,1,788645.0,5616699.0
201909,3,2,225877.0,938620.0
201909,3,3,562768.0,4678079.0
201909,4,1,2064468.0,6563459.0
201909,4,2,657336.0,1455608.0
201909,4,3,1407132.0,5107852.0
201909,5,1,1079479.0,2271724.0
201909,5,2,504841.0,896359.0
201909,5,3,574638.0,1375365.0
201909,6,1,11038778.0,37572668.0
201909,6,2,4809515.0,11541054.0
201909,6,3,6229262.0,26031614.0
201909,7,1,862775.0,2985150.0
201909,7,2,470731.0,1535854.0
201909,7,3,392044.0,1449296.0
201910,1,1,1784641.0,4788946.0
201910,1,2,790448.0,1583316.0
201910,1,3,994193.0,3205630.0
201910,2,1,1014323.0,5826078.0
201910,2,2,119164.0,294200.0
201910,2,3,895159.0,5531878.0
201910,3,1,855563.0,5723223.0
201910,3,2,182455.0,680526.0
201910,3,3,673109.0,5042697.0
201910,4,1,1824566.0,4827211.0
201910,4,2,564919.0,1011581.0
201910,4,3,1259647.0,3815630.0
201910,5,1,1175876.0,2360610.0
201910,5,2,564969.0,943801.0
201910,5,3,610908.0,1416809.0
201910,6,1,9772631.0,30363238.0
201910,6,2,4321124.0,8784169.0
201910,6,3,5451507.0,21579069.0
201910,7,1,775806.0,2497353.0
201910,7,2,412498.0,1096940.0
201910,7,3,363309.0,1400413.0
201911,1,1,1206770.0,2798134.0
201911,1,2,660806.0,1307808.0
201911,1,3,545964.0,1490327.0
201911,2,1,118428.0,393987.0
201911,2,2,45381.0,91267.0
201911,2,3,73047.0,302720.0
201911,3,1,779629.0,5389054.0
201911,3,2,144980.0,546615.0
201911,3,3,634648.0,4842439.0
201911,4,1,1204415.0,2593735.0
201911,4,2,443718.0,787645.0
201911,4,3,760696.0,1806090.0
201911,5,1,1058042.0,2135453.0
201911,5,2,561920.0,985092.0
201911,5,3,496122.0,1150362.0
201911,6,1,6693210.0,18339394.0
201911,6,2,3585911.0,7200004.0
201911,6,3,3107299.0,11139390.0
201911,7,1,649993.0,1887816.0
201911,7,2,383010.0,951138.0
201911,7,3,266983.0,936678.0
201912,1,1,1138668.0,2467506.0
201912,1,2,685364.0,1334777.0
201912,1,3,453304.0,1132729.0
201912,2,1,87057.0,287999.0
201912,2,2,28477.0,57813.0
201912,2,3,58580.0,230187.0
201912,3,1,778573.0,5407003.0
201912,3,2,150461.0,564789.0
201912,3,3,628113.0,4842214.0
201912,4,1,1132586.0,2434638.0
201912,4,2,490219.0,886312.0
201912,4,3,642367.0,1548327.0
201912,5,1,981552.0,2015192.0
201912,5,2,569533.0,1003989.0
201912,5,3,412019.0,1011203.0
201912,6,1,6240788.0,16966744.0
201912,6,2,3577792.0,7026688.0
201912,6,3,2662995.0,9940055.0
201912,7,1,532038.0,1480388.0
201912,7,2,330175.0,785055.0
201912,7,3,201863.0,695332.0
202001,1,1,1054676.0,2345424.0
202001,1,2,559758.0,1051756.0
202001,1,3,494918.0,1293668.0
202001,2,1,67682.0,231162.0
202001,2,2,26331.0,55272.0
202001,2,3,41350.0,175890.0
202001,3,1,745669.0,5585568.0
202001,3,2,117564.0,493404.0
202001,3,3,628105.0,5092164.0
202001,4,1,1017702.0,2273864.0
202001,4,2,388954.0,708981.0
202001,4,3,628748.0,1564883.0
202001,5,1,928608.0,1880444.0
202001,5,2,536968.0,920594.0
202001,5,3,391639.0,959850.0
202001,6,1,5577618.0,15968171.0
202001,6,2,2926703.0,5705057.0
202001,6,3,2650914.0,10263114.0
202001,7,1,464247.0,1303929.0
202001,7,2,259717.0,619126.0
202001,7,3,204530.0,684803.0
202002,1,1,1283985.0,3000031.0
202002,1,2,778068.0,1529765.0
202002,1,3,505918.0,1470266.0
202002,2,1,142452.0,530990.0
202002,2,2,57578.0,149209.0
202002,2,3,84874.0,381782.0
202002,3,1,820697.0,5375990.0
202002,3,2,132233.0,453723.0
202002,3,3,688464.0,4922267.0
202002,4,1,1101846.0,2388147.0
202002,4,2,454073.0,807251.0
202002,4,3,647772.0,1580896.0
202002,5,1,954082.0,1866712.0
202002,5,2,562388.0,938373.0
202002,5,3,391693.0,928339.0
202002,6,1,6456402.0,17614206.0
202002,6,2,3636463.0,7003972.0
202002,6,3,2819939.0,10610233.0
202002,7,1,598949.0,1627463.0
202002,7,2,371385.0,846599.0
202002,7,3,227564.0,780864.0
202003,1,1,570044.0,1491694.0
202003,1,2,321333.0,694896.0
202003,1,3,248711.0,796798.0
202003,2,1,82107.0,363780.0
202003,2,2,26387.0,75721.0
202003,2,3,55721.0,288059.0
202003,3,1,342527.0,2646136.0
202003,3,2,53248.0,183551.0
202003,3,3,289279.0,2462585.0
202003,4,1,438706.0,1023954.0
202003,4,2,194947.0,389436.0
202003,4,3,243759.0,634518.0
202003,5,1,337077.0,788654.0
202003,5,2,194620.0,356134.0
202003,5,3,142457.0,432520.0
202003,6,1,2656776.0,8372820.0
202003,6,2,1455613.0,3080076.0
202003,6,3,1201164.0,5292744.0
202003,7,1,238426.0,780478.0
202003,7,2,134504.0,354598.0
202003,7,3,103922.0,425880.0
202004,1,1,0.0,0.0
202004,1,2,0.0,0.0
202004,1,3,0.0,0.0
202004,2,1,0.0,0.0
202004,2,2,0.0,0.0
202004,2,3,0.0,0.0
202004,3,1,0.0,0.0
202004,3,2,0.0,0.0
202004,3,3,0.0,0.0
202004,4,1,0.0,0.0
202004,4,2,0.0,0.0
202004,4,3,0.0,0.0
202004,5,1,0.0,0.0
202004,5,2,0.0,0.0
202004,5,3,0.0,0.0
202004,6,1,0.0,0.0
202004,6,2,0.0,0.0
202004,6,3,0.0,0.0
202004,7,1,0.0,0.0
202004,7,2,0.0,0.0
202004,7,3,0.0,0.0
202005,1,1,14468.0,40898.0
202005,1,2,13535.0,33632.0
202005,1,3,933.0,7266.0
202005,2,1,2037.0,5677.0
202005,2,2,1878.0,5055.0
202005,2,3,158.0,622.0
202005,3,1,1247.0,6045.0
202005,3,2,955.0,4418.0
202005,3,3,291.0,1627.0
202005,4,1,10562.0,29506.0
202005,4,2,7101.0,21431.0
202005,4,3,3462.0,8076.0
202005,5,1,14942.0,33909.0
202005,5,2,11479.0,26084.0
202005,5,3,3464.0,7825.0
202005,6,1,98561.0,271149.0
202005,6,2,84804.0,220577.0
202005,6,3,13757.0,50571.0
202005,7,1,10107.0,21909.0
202005,7,2,9016.0,19608.0
202005,7,3,1091.0,2301.0
202006,1,1,212684.0,392971.0
202006,1,2,192253.0,348173.0
202006,1,3,20431.0,44798.0
202006,2,1,23769.0,68908.0
202006,2,2,17945.0,51712.0
202006,2,3,5824.0,17196.0
202006,3,1,12356.0,29970.0
202006,3,2,10581.0,24164.0
202006,3,3,1775.0,5807.0
202006,4,1,156464.0,294695.0
202006,4,2,121451.0,224169.0
202006,4,3,35012.0,70526.0
202006,5,1,101088.0,249788.0
202006,5,2,85913.0,157408.0
202006,5,3,15175.0,92380.0
202006,6,1,944923.0,1870057.0
202006,6,2,824393.0,1548421.0
202006,6,3,120530.0,321636.0
202006,7,1,89239.0,170590.0
202006,7,2,78801.0,150413.0
202006,7,3,10438.0,20177.0
202007,1,1,919612.0,2488331.0
202007,1,2,755275.0,1973483.0
202007,1,3,164337.0,514847.0
202007,2,1,369051.0,1744346.0
202007,2,2,105212.0,321572.0
202007,2,3,263839.0,1422774.0
202007,3,1,201353.0,1039258.0
202007,3,2,103415.0,368577.0
202007,3,3,97938.0,670681.0
202007,4,1,758997.0,1866125.0
202007,4,2,504564.0,1096712.0
202007,4,3,254433.0,769413.0
202007,5,1,210634.0,464238.0
202007,5,2,161723.0,304223.0
202007,5,3,48911.0,160015.0
202007,6,1,4407783.0,11731245.0
202007,6,2,3271958.0,7561439.0
202007,6,3,1135825.0,4169806.0
202007,7,1,454395.0,1131051.0
202007,7,2,361056.0,886833.0
202007,7,3,93339.0,244218.0
202008,1,1,1210492.0,3582193.0
202008,1,2,1007572.0,2925713.0
202008,1,3,202921.0,656480.0
202008,2,1,466211.0,2169131.0
202008,2,2,209986.0,725225.0
202008,2,3,256226.0,1443906.0
202008,3,1,361641.0,1962136.0
202008,3,2,225380.0,908253.0
202008,3,3,136261.0,1053882.0
202008,4,1,1085954.0,2833581.0
202008,4,2,813152.0,2038115.0
202008,4,3,272802.0,795465.0
202008,5,1,184995.0,423510.0
202008,5,2,139064.0,273236.0
202008,5,3,45930.0,150273.0
202008,6,1,5924218.0,16927211.0
202008,6,2,4648568.0,12058039.0
202008,6,3,1275650.0,4869172.0
202008,7,1,623076.0,1694735.0
202008,7,2,512512.0,1386744.0
202008,7,3,110564.0,307990.0
202009,1,1,735322.0,1787489.0
202009,1,2,619910.0,1466260.0
202009,1,3,115412.0,321229.0
202009,2,1,162409.0,585444.0
202009,2,2,103005.0,329907.0
202009,2,3,59404.0,255537.0
202009,3,1,212215.0,959931.0
202009,3,2,160988.0,575689.0
202009,3,3,51227.0,384243.0
202009,4,1,627692.0,1300688.0
202009,4,2,484305.0,965671.0
202009,4,3,143387.0,335017.0
202009,5,1,223533.0,462533.0
202009,5,2,177448.0,333690.0
202009,5,3,46085.0,128843.0
202009,6,1,3513294.0,8219094.0
202009,6,2,2905879.0,6393060.0
202009,6,3,607415.0,1826034.0
202009,7,1,346087.0,848375.0
202009,7,2,290520.0,709087.0
202009,7,3,55567.0,139289.0
202010,1,1,494570.0,994199.0
202010,1,2,404165.0,766208.0
202010,1,3,90405.0,227992.0
202010,2,1,65438.0,170840.0
202010,2,2,38554.0,84054.0
202010,2,3,26885.0,86786.0
202010,3,1,186163.0,748849.0
202010,3,2,118041.0,372333.0
202010,3,3,68123.0,376516.0
202010,4,1,333386.0,630058.0
202010,4,2,233113.0,415995.0
202010,4,3,100273.0,214063.0
202010,5,1,178846.0,384098.0
202010,5,2,142107.0,273851.0
202010,5,3,36739.0,110247.0
202010,6,1,2406759.0,5128825.0
202010,6,2,1917987.0,3758168.0
202010,6,3,488772.0,1370657.0
202010,7,1,275836.0,580767.0
202010,7,2,224543.0,454859.0
202010,7,3,51293.0,125908.0
202011,1,1,171612.0,327138.0
202011,1,2,143000.0,249674.0
202011,1,3,28612.0,77464.0
202011,2,1,23073.0,49276.0
202011,2,2,16747.0,31589.0
202011,2,3,6326.0,17687.0
202011,3,1,143113.0,780724.0
202011,3,2,58218.0,157106.0
202011,3,3,84894.0,623618.0
202011,4,1,144031.0,279247.0
202011,4,2,107507.0,201535.0
202011,4,3,36524.0,77712.0
202011,5,1,205367.0,406497.0
202011,5,2,167173.0,304090.0
202011,5,3,38193.0,102407.0
202011,6,1,1184922.0,2874269.0
202011,6,2,925018.0,1799183.0
202011,6,3,259904.0,1075086.0
202011,7,1,146459.0,280198.0
202011,7,2,120328.0,212882.0
202011,7,3,26131.0,67316.0
202012,1,1,219845.0,374644.0
202012,1,2,181825.0,292500.0
202012,1,3,38020.0,82144.0
202012,2,1,18997.0,44115.0
202012,2,2,12958.0,26637.0
202012,2,3,6040.0,17478.0
202012,3,1,171890.0,947498.0
202012,3,2,67695.0,204465.0
202012,3,3,104196.0,743033.0
202012,4,1,220589.0,392142.0
202012,4,2,164283.0,280266.0
202012,4,3,56306.0,111876.0
202012,5,1,247515.0,471444.0
202012,5,2,200945.0,358265.0
202012,5,3,46570.0,113179.0
202012,6,1,1417815.0,3245991.0
202012,6,2,1097429.0,2023056.0
202012,6,3,320386.0,1222935.0
202012,7,1,154733.0,286699.0
202012,7,2,129389.0,226573.0
202012,7,3,25344.0,60126.0
202101,1,1,198498.0,366103.0
202101,1,2,166593.0,285192.0
202101,1,3,31905.0,80911.0
202101,2,1,11383.0,27607.0
202101,2,2,8309.0,16193.0
202101,2,3,3074.0,11414.0
202101,3,1,88763.0,442191.0
202101,3,2,41927.0,115892.0
202101,3,3,46836.0,326299.0
202101,4,1,181552.0,371157.0
202101,4,2,135040.0,266691.0
202101,4,3,46512.0,104466.0
202101,5,1,227901.0,428861.0
202101,5,2,181252.0,318876.0
202101,5,3,46649.0,109984.0
202101,6,1,1124601.0,2459473.0
202101,6,2,889575.0,1682063.0
202101,6,3,235026.0,777409.0
202101,7,1,94148.0,186919.0
202101,7,2,74467.0,133831.0
202101,7,3,19681.0,53088.0
202102,1,1,189027.0,342114.0
202102,1,2,164665.0,272975.0
202102,1,3,24362.0,69139.0
202102,2,1,14724.0,31923.0
202102,2,2,10810.0,20979.0
202102,2,3,3913.0,10944.0
202102,3,1,96580.0,369907.0
202102,3,2,57444.0,134285.0
202102,3,3,39136.0,235622.0
202102,4,1,191853.0,362726.0
202102,4,2,147387.0,260587.0
202102,4,3,44466.0,102140.0
202102,5,1,240372.0,464169.0
202102,5,2,196967.0,341895.0
202102,5,3,43405.0,122274.0
202102,6,1,1179236.0,2436961.0
202102,6,2,975226.0,1774784.0
202102,6,3,204009.0,662177.0
202102,7,1,88762.0,163531.0
202102,7,2,74352.0,127647.0
202102,7,3,14409.0,35884.0
202103,1,1,279657.0,496722.0
202103,1,2,236836.0,384117.0
202103,1,3,42820.0,112605.0
202103,2,1,31237.0,92653.0
202103,2,2,15381.0,33418.0
202103,2,3,15856.0,59235.0
202103,3,1,134020.0,530590.0
202103,3,2,78546.0,194863.0
202103,3,3,55474.0,335727.0
202103,4,1,296395.0,550948.0
202103,4,2,232499.0,405320.0
202103,4,3,63896.0,145628.0
202103,5,1,296799.0,582225.0
202103,5,2,235502.0,409239.0
202103,5,3,61297.0,172986.0
202103,6,1,1770722.0,3588559.0
202103,6,2,1456708.0,2591447.0
202103,6,3,314013.0,997112.0
202103,7,1,162080.0,287677.0
202103,7,2,137609.0,233203.0
202103,7,3,24472.0,54474.0
202104,1,1,304931.0,549272.0
202104,1,2,247281.0,400319.0
202104,1,3,57651.0,148954.0
202104,2,1,73347.0,272911.0
202104,2,2,26370.0,56071.0
202104,2,3,46977.0,216840.0
202104,3,1,154748.0,618665.0
202104,3,2,89041.0,227687.0
202104,3,3,65707.0,390978.0
202104,4,1,309920.0,640738.0
202104,4,2,228473.0,444621.0
202104,4,3,81447.0,196117.0
202104,5,1,293955.0,559997.0
202104,5,2,232440.0,403306.0
202104,5,3,61516.0,156690.0
202104,6,1,1955719.0,4142415.0
202104,6,2,1559023.0,2841406.0
202104,6,3,396696.0,1301009.0
202104,7,1,208061.0,378869.0
202104,7,2,177635.0,309465.0
202104,7,3,30425.0,69404.0
202105,1,1,670345.0,1302485.0
202105,1,2,541892.0,976365.0
202105,1,3,128453.0,326120.0
202105,2,1,220486.0,910455.0
202105,2,2,59370.0,152835.0
202105,2,3,161116.0,757620.0
202105,3,1,212378.0,857369.0
202105,3,2,125072.0,324304.0
202105,3,3,87306.0,533065.0
202105,4,1,577768.0,1101086.0
202105,4,2,397715.0,684012.0
202105,4,3,180053.0,417075.0
202105,5,1,413197.0,810028.0
202105,5,2,316121.0,561269.0
202105,5,3,97076.0,248760.0
202105,6,1,3404118.0,7342738.0
202105,6,2,2580060.0,4695099.0
202105,6,3,824057.0,2647639.0
202105,7,1,355711.0,685573.0
202105,7,2,295103.0,537633.0
202105,7,3,60608.0,147940.0
202106,1,1,1197179.0,2907567.0
202106,1,2,977772.0,2276114.0
202106,1,3,219407.0,631453.0
202106,2,1,587951.0,2543130.0
202106,2,2,172410.0,508570.0
202106,2,3,415541.0,2034560.0
202106,3,1,306707.0,1454196.0
202106,3,2,171972.0,534116.0
202106,3,3,134735.0,920080.0
202106,4,1,994986.0,2157771.0
202106,4,2,688603.0,1381136.0
202106,4,3,306383.0,776635.0
202106,5,1,491089.0,956244.0
202106,5,2,371203.0,656321.0
202106,5,3,119886.0,299923.0
202106,6,1,5676067.0,14259621.0
202106,6,2,4179628.0,8961374.0
202106,6,3,1496439.0,5298248.0
202106,7,1,605531.0,1529968.0
202106,7,2,503062.0,1259433.0
202106,7,3,102469.0,270534.0
202107,1,1,1685423.0,5164750.0
202107,1,2,1324495.0,3967035.0
202107,1,3,360928.0,1197715.0
202107,2,1,1055103.0,5690675.0
202107,2,2,217216.0,823313.0
202107,2,3,837887.0,4867361.0
202107,3,1,525873.0,2910469.0
202107,3,2,270840.0,1040041.0
202107,3,3,255033.0,1870428.0
202107,4,1,1487801.0,4089363.0
202107,4,2,903715.0,2184809.0
202107,4,3,584085.0,1904554.0
202107,5,1,555840.0,1122796.0
202107,5,2,376416.0,673159.0
202107,5,3,179424.0,449637.0
202107,6,1,8544001.0,26351353.0
202107,6,2,5772248.0,14839925.0
202107,6,3,2771753.0,11511428.0
202107,7,1,870986.0,2594409.0
202107,7,2,684498.0,2049934.0
202107,7,3,186489.0,544476.0
202108,1,1,1934752.0,6428333.0
202108,1,2,1482347.0,4806859.0
202108,1,3,452405.0,1621474.0
202108,2,1,1176822.0,6482644.0
202108,2,2,281919.0,1197578.0
202108,2,3,894903.0,5285067.0
202108,3,1,711980.0,4405191.0
202108,3,2,345026.0,1544680.0
202108,3,3,366953.0,2860511.0
202108,4,1,1904001.0,5994129.0
202108,4,2,1061335.0,3041002.0
202108,4,3,842666.0,2953127.0
202108,5,1,557806.0,1149845.0
202108,5,2,363898.0,676957.0
202108,5,3,193907.0,472889.0
202108,6,1,10408035.0,34460041.0
202108,6,2,6935006.0,19570475.0
202108,6,3,3473029.0,14889566.0
202108,7,1,1024687.0,3364227.0
202108,7,2,771122.0,2533703.0
202108,7,3,253565.0,830524.0
202109,1,1,1579073.0,4696783.0
202109,1,2,1068643.0,2853124.0
202109,1,3,510430.0,1843659.0
202109,2,1,1004077.0,5324350.0
202109,2,2,181723.0,643627.0
202109,2,3,822354.0,4680723.0
202109,3,1,628768.0,4070808.0
202109,3,2,239853.0,958764.0
202109,3,3,388915.0,3112044.0
202109,4,1,1305876.0,3500544.0
202109,4,2,683065.0,1531218.0
202109,4,3,622811.0,1969325.0
202109,5,1,709463.0,1453739.0
202109,5,2,452686.0,816887.0
202109,5,3,256777.0,636852.0
202109,6,1,8256057.0,25679512.0
202109,6,2,4952050.0,11812962.0
202109,6,3,3304007.0,13866550.0
202109,7,1,728706.0,2237822.0
202109,7,2,501761.0,1475371.0
202109,7,3,226945.0,762451.0
202110,1,1,1430459.0,3805650.0
202110,1,2,854972.0,1835024.0
202110,1,3,575486.0,1970626.0
202110,2,1,761539.0,3957260.0
202110,2,2,141008.0,355543.0
202110,2,3,620531.0,3601717.0
202110,3,1,827875.0,5086242.0
202110,3,2,203276.0,720711.0
202110,3,3,624599.0,4365531.0
202110,4,1,1311261.0,3121530.0
202110,4,2,616028.0,1161801.0
202110,4,3,695232.0,1959729.0
202110,5,1,885784.0,1848540.0
202110,5,2,564761.0,1032907.0
202110,5,3,321023.0,815634.0
202110,6,1,8131666.0,23935219.0
202110,6,2,4590112.0,9526090.0
202110,6,3,3541554.0,14409129.0
202110,7,1,692180.0,1972144.0
202110,7,2,436589.0,1092493.0
202110,7,3,255590.0,879651.0
202111,1,1,966910.0,2188896.0
202111,1,2,620163.0,1158820.0
202111,1,3,346747.0,1030076.0
202111,2,1,88317.0,318433.0
202111,2,2,33690.0,69464.0
202111,2,3,54627.0,248969.0
202111,3,1,721972.0,5014821.0
202111,3,2,137300.0,487491.0
202111,3,3,584672.0,4527330.0
202111,4,1,834732.0,1859525.0
202111,4,2,376172.0,661288.0
202111,4,3,458560.0,1198236.0
202111,5,1,822908.0,1650955.0
202111,5,2,528624.0,923355.0
202111,5,3,294284.0,727600.0
202111,6,1,5391958.0,14930647.0
202111,6,2,3218059.0,6088018.0
202111,6,3,2173899.0,8842628.0
202111,7,1,473019.0,1210745.0
202111,7,2,289987.0,598097.0
202111,7,3,183032.0,612647.0
202112,1,1,846378.0,1833148.0
202112,1,2,598622.0,1177555.0
202112,1,3,247757.0,655593.0
202112,2,1,57392.0,166256.0
202112,2,2,27267.0,61093.0
202112,2,3,30125.0,105163.0
202112,3,1,660625.0,4400112.0
202112,3,2,152601.0,571832.0
202112,3,3,508024.0,3828281.0
202112,4,1,841910.0,1839201.0
202112,4,2,470437.0,899652.0
202112,4,3,371473.0,939549.0
202112,5,1,770392.0,1595537.0
202112,5,2,528498.0,981968.0
202112,5,3,241894.0,613570.0
202112,6,1,4881952.0,13220155.0
202112,6,2,3164988.0,6316273.0
202112,6,3,1716964.0,6903882.0
202112,7,1,410195.0,967423.0
202112,7,2,278641.0,563429.0
202112,7,3,131554.0,403994.0
202201,1,1,694614.0,1463661.0
202201,1,2,462136.0,826684.0
202201,1,3,232478.0,636977.0
202201,2,1,42131.0,127429.0
202201,2,2,20603.0,44476.0
202201,2,3,21528.0,82953.0
202201,3,1,541689.0,3852818.0
202201,3,2,98072.0,399018.0
202201,3,3,443617.0,3453800.0
202201,4,1,649122.0,1461340.0
202201,4,2,361076.0,715154.0
202201,4,3,288046.0,746186.0
202201,5,1,569467.0,1193236.0
202201,5,2,386597.0,699507.0
202201,5,3,182870.0,493728.0
202201,6,1,3770578.0,10598385.0
202201,6,2,2342492.0,4536018.0
202201,6,3,1428086.0,6062368.0
202201,7,1,299879.0,713563.0
202201,7,2,194137.0,375113.0
202201,7,3,105742.0,338449.0
202202,1,1,989820.0,2149204.0
202202,1,2,683530.0,1269054.0
202202,1,3,306290.0,880150.0
202202,2,1,92624.0,310405.0
202202,2,2,42557.0,107070.0
202202,2,3,50067.0,203335.0
202202,3,1,704086.0,4309818.0
202202,3,2,126794.0,440448.0
202202,3,3,577292.0,3869370.0
202202,4,1,863558.0,1968077.0
202202,4,2,417677.0,801136.0
202202,4,3,445881.0,1166941.0
202202,5,1,721193.0,1435535.0
202202,5,2,484422.0,847027.0
202202,5,3,236771.0,588508.0
202202,6,1,5133961.0,13623546.0
202202,6,2,3164177.0,6018570.0
202202,6,3,1969784.0,7604976.0
202202,7,1,457434.0,1072645.0
202202,7,2,301431.0,576623.0
202202,7,3,156003.0,496022.0
202203,1,1,1147658.0,2835322.0
202203,1,2,695459.0,1430902.0
202203,1,3,452199.0,1404420.0
202203,2,1,202457.0,817111.0
202203,2,2,60834.0,177559.0
202203,2,3,141624.0,639551.0
202203,3,1,796835.0,5313518.0
202203,3,2,140119.0,520639.0
202203,3,3,656717.0,4792878.0
202203,4,1,1018702.0,2490963.0
202203,4,2,456818.0,927358.0
202203,4,3,561884.0,1563605.0
202203,5,1,848985.0,1720481.0
202203,5,2,525292.0,905312.0
202203,5,3,323693.0,815168.0
202203,6,1,6061398.0,17632648.0
202203,6,2,3432900.0,7071757.0
202203,6,3,2628498.0,10560891.0
202203,7,1,563532.0,1621269.0
202203,7,2,339989.0,836514.0
202203,7,3,223543.0,784755.0
202204,1,1,1670249.0,4411625.0
202204,1,2,967766.0,2201487.0
202204,1,3,702483.0,2210138.0
202204,2,1,627500.0,2816016.0
202204,2,2,111992.0,336559.0
202204,2,3,515508.0,2479457.0
202204,3,1,857858.0,5354728.0
202204,3,2,199089.0,717178.0
202204,3,3,658770.0,4637550.0
202204,4,1,1599940.0,4121179.0
202204,4,2,703631.0,1489379.0
202204,4,3,896309.0,2631800.0
202204,5,1,951920.0,2004575.0
202204,5,2,555151.0,981114.0
202204,5,3,396769.0,1023461.0
202204,6,1,8689822.0,25197638.0
202204,6,2,4733976.0,10260559.0
202204,6,3,3955846.0,14937079.0
202204,7,1,808646.0,2409682.0
202204,7,2,503579.0,1352923.0
202204,7,3,305067.0,1056760.0
202205,1,1,1833026.0,4929904.0
202205,1,2,1003842.0,2214034.0
202205,1,3,829183.0,2715870.0
202205,2,1,1378649.0,6377225.0
202205,2,2,174365.0,525630.0
202205,2,3,1204285.0,5851595.0
202205,3,1,789586.0,4864172.0
202205,3,2,225650.0,781732.0
202205,3,3,563937.0,4082440.0
202205,4,1,1851605.0,4934828.0
202205,4,2,682508.0,1427510.0
202205,4,3,1169097.0,3507318.0
202205,5,1,1010998.0,2052491.0
202205,5,2,550965.0,941725.0
202205,5,3,460034.0,1110766.0
202205,6,1,9920671.0,29785395.0
202205,6,2,4672236.0,10052067.0
202205,6,3,5248435.0,19733328.0
202205,7,1,833402.0,2538973.0
202205,7,2,480464.0,1275233.0
202205,7,3,352938.0,1263739.0
202206,1,1,1947800.0,5465281.0
202206,1,2,1168278.0,2678849.0
202206,1,3,779523.0,2786431.0
202206,2,1,1742424.0,8956158.0
202206,2,2,238985.0,826105.0
202206,2,3,1503440.0,8130054.0
202206,3,1,825172.0,5247608.0
202206,3,2,250684.0,908654.0
202206,3,3,574488.0,4338953.0
202206,4,1,2157781.0,6091232.0
202206,4,2,917351.0,2036903.0
202206,4,3,1240431.0,4054329.0
202206,5,1,1016352.0,2029532.0
202206,5,2,554884.0,940874.0
202206,5,3,461468.0,1088657.0
202206,6,1,10990468.0,35111326.0
202206,6,2,5422886.0,12216496.0
202206,6,3,5567582.0,22894830.0
202206,7,1,922525.0,2844684.0
202206,7,2,580731.0,1598728.0
202206,7,3,341794.0,1245956.0
202207,1,1,2076997.0,6515807.0
202207,1,2,1324060.0,3799539.0
202207,1,3,752937.0,2716268.0
202207,2,1,1904858.0,10386341.0
202207,2,2,242215.0,936133.0
202207,2,3,1662644.0,9450208.0
202207,3,1,940475.0,6135261.0
202207,3,2,289197.0,1175547.0
202207,3,3,651278.0,4959713.0
202207,4,1,2446021.0,7831221.0
202207,4,2,944381.0,2406169.0
202207,4,3,1501640.0,5425052.0
202207,5,1,961454.0,1922656.0
202207,5,2,480539.0,830820.0
202207,5,3,480915.0,1091837.0
202207,6,1,12292936.0,42121775.0
202207,6,2,6075062.0,15608687.0
202207,6,3,6217875.0,26513088.0
202207,7,1,1064780.0,3563187.0
202207,7,2,667640.0,2139156.0
202207,7,3,397141.0,1424030.0
202208,1,1,2172087.0,7285972.0
202208,1,2,1370076.0,4337352.0
202208,1,3,802011.0,2948620.0
202208,2,1,1954444.0,10779452.0
202208,2,2,284123.0,1192546.0
202208,2,3,1670321.0,9586906.0
202208,3,1,976398.0,6745851.0
202208,3,2,310782.0,1428336.0
202208,3,3,665616.0,5317515.0
202208,4,1,2497068.0,8699452.0
202208,4,2,941909.0,2735338.0
202208,4,3,1555159.0,5964114.0
202208,5,1,855535.0,1701671.0
202208,5,2,448780.0,786584.0
202208,5,3,406755.0,915087.0
202208,6,1,12889916.0,46140100.0
202208,6,2,6526507.0,18268800.0
202208,6,3,6363409.0,27871300.0
202208,7,1,1102225.0,4014057.0
202208,7,2,686788.0,2416113.0
202208,7,3,415437.0,1597944.0
202209,1,1,1980050.0,5716205.0
202209,1,2,1092918.0,2718541.0
202209,1,3,887132.0,2997664.0
202209,2,1,1618513.0,8678063.0
202209,2,2,187516.0,687086.0
202209,2,3,1430997.0,7990977.0
202209,3,1,831470.0,5601930.0
202209,3,2,244340.0,981835.0
202209,3,3,587130.0,4620095.0
202209,4,1,2025216.0,5942192.0
202209,4,2,728085.0,1604061.0
202209,4,3,1297131.0,4338131.0
202209,5,1,1048624.0,2066264.0
202209,5,2,550019.0,932436.0
202209,5,3,498605.0,1133828.0
202209,6,1,11050305.0,35999861.0
202209,6,2,5178258.0,12065204.0
202209,6,3,5872047.0,23934658.0
202209,7,1,869023.0,2926004.0
202209,7,2,494545.0,1502994.0
202209,7,3,374478.0,1423010.0
202210,1,1,1685566.0,4588507.0
202210,1,2,867663.0,1821955.0
202210,1,3,817904.0,2766552.0
202210,2,1,1072128.0,5604472.0
202210,2,2,167105.0,419017.0
202210,2,3,905023.0,5185455.0
202210,3,1,923797.0,5895262.0
202210,3,2,201948.0,756132.0
202210,3,3,721849.0,5139130.0
202210,4,1,1819727.0,4661134.0
202210,4,2,662127.0,1272823.0
202210,4,3,1157600.0,3388311.0
202210,5,1,1104026.0,2242371.0
202210,5,2,582487.0,1012992.0
202210,5,3,521538.0,1229379.0
202210,6,1,9743259.0,29865924.0
202210,6,2,4657750.0,9771323.0
202210,6,3,5085510.0,20094601.0
202210,7,1,767448.0,2379233.0
202210,7,2,421313.0,1122472.0
202210,7,3,346136.0,1256761.0
202211,1,1,1084818.0,2568134.0
202211,1,2,666655.0,1306991.0
202211,1,3,418162.0,1261143.0
202211,2,1,111194.0,398085.0
202211,2,2,44337.0,97922.0
202211,2,3,66857.0,300163.0
202211,3,1,817321.0,5524185.0
202211,3,2,150693.0,553564.0
202211,3,3,666629.0,4970621.0
202211,4,1,1082030.0,2489997.0
202211,4,2,431418.0,788177.0
202211,4,3,650612.0,1701820.0
202211,5,1,1004095.0,1932711.0
202211,5,2,593671.0,991945.0
202211,5,3,410424.0,940766.0
202211,6,1,6284698.0,17661676.0
202211,6,2,3541109.0,7046984.0
202211,6,3,2743589.0,10614692.0
202211,7,1,590924.0,1762576.0
202211,7,2,357734.0,922425.0
202211,7,3,233191.0,840151.0
202212,1,1,1007743.0,2217856.0
202212,1,2,648223.0,1270267.0
202212,1,3,359520.0,947588.0
202212,2,1,80696.0,248269.0
202212,2,2,35980.0,80586.0
202212,2,3,44716.0,167682.0
202212,3,1,888503.0,5619237.0
202212,3,2,164704.0,613415.0
202212,3,3,723799.0,5005822.0
202212,4,1,1085088.0,2418140.0
202212,4,2,521996.0,985031.0
202212,4,3,563092.0,1433109.0
202212,5,1,967750.0,1903855.0
202212,5,2,620080.0,1111786.0
202212,5,3,347670.0,792069.0
202212,6,1,6054556.0,16627833.0
202212,6,2,3567132.0,7121128.0
202212,6,3,2487423.0,9506705.0
202212,7,1,527910.0,1476835.0
202212,7,2,338145.0,813600.0
202212,7,3,189765.0,663236.0
202301,1,1,954691.0,2093794.0
202301,1,2,571285.0,1052987.0
202301,1,3,383406.0,1040807.0
202301,2,1,75909.0,237815.0
202301,2,2,35443.0,85942.0
202301,2,3,40466.0,151873.0
202301,3,1,805529.0,5705808.0
202301,3,2,131969.0,550612.0
202301,3,3,673560.0,5155197.0
202301,4,1,961361.0,2234578.0
202301,4,2,430287.0,827185.0
202301,4,3,531074.0,1407393.0
202301,5,1,888093.0,1736647.0
202301,5,2,532766.0,920267.0
202301,5,3,355327.0,816381.0
202301,6,1,5367962.0,15472477.0
202301,6,2,2964949.0,5810812.0
202301,6,3,2403013.0,9661665.0
202301,7,1,464858.0,1233531.0
202301,7,2,277201.0,603564.0
202301,7,3,187657.0,629968.0
202302,1,1,1123345.0,2551524.0
202302,1,2,700088.0,1313951.0
202302,1,3,423258.0,1237573.0
202302,2,1,124782.0,466420.0
202302,2,2,51577.0,140170.0
202302,2,3,73205.0,326250.0
202302,3,1,827756.0,5483287.0
202302,3,2,127103.0,466900.0
202302,3,3,700653.0,5016387.0
202302,4,1,1051913.0,2563698.0
202302,4,2,441268.0,865261.0
202302,4,3,610645.0,1698437.0
202302,5,1,879144.0,1705884.0
202302,5,2,523275.0,903932.0
202302,5,3,355868.0,801952.0
202302,6,1,5967064.0,16816547.0
202302,6,2,3337995.0,6508332.0
202302,6,3,2629069.0,10308214.0
202302,7,1,538245.0,1419112.0
202302,7,2,332832.0,712722.0
202302,7,3,205413.0,706390.0
202303,1,1,1418975.0,3361190.0
202303,1,2,804822.0,1583785.0
202303,1,3,614154.0,1777406.0
202303,2,1,230407.0,944911.0
202303,2,2,62568.0,173879.0
202303,2,3,167839.0,771032.0
202303,3,1,897084.0,5800802.0
202303,3,2,155855.0,539108.0
202303,3,3,741229.0,5261695.0
202303,4,1,1288220.0,3110751.0
202303,4,2,527465.0,1058452.0
202303,4,3,760754.0,2052299.0
202303,5,1,1053885.0,2040209.0
202303,5,2,582240.0,975377.0
202303,5,3,471645.0,1064832.0
202303,6,1,7361364.0,20597741.0
202303,6,2,3983218.0,8037671.0
202303,6,3,3378146.0,12560069.0
202303,7,1,719624.0,2059518.0
202303,7,2,436712.0,1090358.0
202303,7,3,282913.0,969159.0
202304,1,1,1852962.0,4825981.0
202304,1,2,980532.0,2140172.0
202304,1,3,872429.0,2685809.0
202304,2,1,766096.0,3350022.0
202304,2,2,109541.0,297000.0
202304,2,3,656555.0,3053023.0
202304,3,1,918498.0,5539132.0
202304,3,2,223469.0,762520.0
202304,3,3,695029.0,4776612.0
202304,4,1,1880203.0,4848783.0
202304,4,2,742049.0,1592789.0
202304,4,3,1138154.0,3255995.0
202304,5,1,1077543.0,2247895.0
202304,5,2,566092.0,1028904.0
202304,5,3,511451.0,1218991.0
202304,6,1,9829384.0,28046754.0
202304,6,2,4983861.0,10749390.0
202304,6,3,4845523.0,17297363.0
202304,7,1,903805.0,2668749.0
202304,7,2,537359.0,1425074.0
202304,7,3,366445.0,1243675.0
202305,1,1,1883648.0,5089138.0
202305,1,2,920523.0,1978466.0
202305,1,3,963125.0,3110671.0
202305,2,1,1492772.0,7258921.0
202305,2,2,195761.0,644969.0
202305,2,3,1297010.0,6613952.0
202305,3,1,825123.0,5146775.0
202305,3,2,207841.0,721934.0
202305,3,3,617283.0,4424842.0
202305,4,1,2084531.0,5609283.0
202305,4,2,693871.0,1433915.0
202305,4,3,1390660.0,4175368.0
202305,5,1,1117578.0,2224662.0
202305,5,2,567796.0,951054.0
202305,5,3,549782.0,1273608.0
202305,6,1,10580202.0,32187667.0
202305,6,2,4553381.0,9784069.0
202305,6,3,6026821.0,22403599.0
202305,7,1,831185.0,2581432.0
202305,7,2,437988.0,1204838.0
202305,7,3,393198.0,1376594.0
202306,1,1,1959976.0,5606917.0
202306,1,2,1118880.0,2649406.0
202306,1,3,841096.0,2957511.0
202306,2,1,1814007.0,8993003.0
202306,2,2,244635.0,889859.0
202306,2,3,1569372.0,8103144.0
202306,3,1,864669.0,5445601.0
202306,3,2,244910.0,865338.0
202306,3,3,619759.0,4580264.0
202306,4,1,2292329.0,6385416.0
202306,4,2,922200.0,1958296.0
202306,4,3,1370129.0,4427120.0
202306,5,1,1163021.0,2239681.0
202306,5,2,615801.0,1010384.0
202306,5,3,547220.0,1229297.0
202306,6,1,11535550.0,36255025.0
202306,6,2,5455490.0,12216070.0
202306,6,3,6080059.0,24038955.0
202306,7,1,950024.0,2934185.0
202306,7,2,569035.0,1552458.0
202306,7,3,380989.0,1381727.0
202307,1,1,2114842.0,6589030.0
202307,1,2,1280780.0,3610922.0
202307,1,3,834062.0,2978108.0
202307,2,1,1972703.0,10613015.0
202307,2,2,237710.0,974544.0
202307,2,3,1734992.0,9638472.0
202307,3,1,973969.0,6291686.0
202307,3,2,285914.0,1147950.0
202307,3,3,688055.0,5143737.0
202307,4,1,2563852.0,8111031.0
202307,4,2,947624.0,2354479.0
202307,4,3,1616228.0,5756551.0
202307,5,1,1111137.0,2189610.0
202307,5,2,548761.0,936220.0
202307,5,3,562376.0,1253390.0
202307,6,1,12680483.0,43109417.0
202307,6,2,6012479.0,15303797.0
202307,6,3,6668004.0,27805620.0
202307,7,1,1041168.0,3503305.0
202307,7,2,624843.0,1965819.0
202307,7,3,416324.0,1537486.0
202308,1,1,2267920.0,7427401.0
202308,1,2,1352621.0,4158487.0
202308,1,3,915299.0,3268914.0
202308,2,1,1979182.0,11054556.0
202308,2,2,239946.0,1043279.0
202308,2,3,1739237.0,10011278.0
202308,3,1,973840.0,6528461.0
202308,3,2,299130.0,1327435.0
202308,3,3,674709.0,5201026.0
202308,4,1,2595231.0,8833042.0
202308,4,2,930963.0,2633145.0
202308,4,3,1664269.0,6199898.0
202308,5,1,1007541.0,1990751.0
202308,5,2,474758.0,845787.0
202308,5,3,532784.0,1144964.0
202308,6,1,13266497.0,46695607.0
202308,6,2,6381789.0,17548462.0
202308,6,3,6884708.0,29147145.0
202308,7,1,1092043.0,3909722.0
202308,7,2,655344.0,2237798.0
202308,7,3,436699.0,1671923.0
202309,1,1,2025500.0,5995077.0
202309,1,2,1040799.0,2586139.0
202309,1,3,984701.0,3408937.0
202309,2,1,1691128.0,9058858.0
202309,2,2,176703.0,652248.0
202309,2,3,1514425.0,8406610.0
202309,3,1,873547.0,5848227.0
202309,3,2,234715.0,927473.0
202309,3,3,638832.0,4920754.0
202309,4,1,2194081.0,6592490.0
202309,4,2,751424.0,1590625.0
202309,4,3,1442657.0,5001865.0
202309,5,1,1148967.0,2301663.0
202309,5,2,562876.0,989249.0
202309,5,3,586090.0,1312414.0
202309,6,1,11627872.0,37980229.0
202309,6,2,5122862.0,11783151.0
202309,6,3,6505010.0,26197078.0
202309,7,1,874956.0,2896001.0
202309,7,2,465324.0,1384859.0
202309,7,3,409632.0,1511142.0
202310,1,1,1873526.0,5094430.0
202310,1,2,881182.0,1817115.0
202310,1,3,992345.0,3277315.0
202310,2,1,1189276.0,6381337.0
202310,2,2,148089.0,442356.0
202310,2,3,1041187.0,5938981.0
202310,3,1,972734.0,6196320.0
202310,3,2,198043.0,726785.0
202310,3,3,774691.0,5469535.0
202310,4,1,1940523.0,5209170.0
202310,4,2,658494.0,1238824.0
202310,4,3,1282029.0,3970346.0
202310,5,1,1125946.0,2335634.0
202310,5,2,526741.0,961581.0
202310,5,3,599205.0,1374053.0
202310,6,1,10390441.0,32415687.0
202310,6,2,4589155.0,9662174.0
202310,6,3,5801286.0,22753513.0
202310,7,1,822455.0,2561163.0
202310,7,2,428103.0,1114995.0
202310,7,3,394352.0,1446168.0
202311,1,1,1239122.0,2939322.0
202311,1,2,673931.0,1279040.0
202311,1,3,565192.0,1660282.0
202311,2,1,113029.0,413377.0
202311,2,2,40472.0,82054.0
202311,2,3,72557.0,331322.0
202311,3,1,869941.0,5940879.0
202311,3,2,141377.0,501620.0
202311,3,3,728564.0,5439259.0
202311,4,1,1199295.0,2675765.0
202311,4,2,450970.0,788361.0
202311,4,3,748325.0,1887404.0
202311,5,1,1064684.0,2130175.0
202311,5,2,583167.0,1028629.0
202311,5,3,481516.0,1101546.0
202311,6,1,6798815.0,19023828.0
202311,6,2,3586759.0,6957475.0
202311,6,3,3212056.0,12066353.0
202311,7,1,615500.0,1751215.0
202311,7,2,340553.0,764570.0
202311,7,3,274948.0,986645.0
202312,1,1,1170078.0,2634889.0
202312,1,2,710935.0,1388925.0
202312,1,3,459144.0,1245964.0
202312,2,1,87937.0,270138.0
202312,2,2,34963.0,72231.0
202312,2,3,52974.0,197907.0
202312,3,1,888582.0,5827194.0
202312,3,2,157304.0,582647.0
202312,3,3,731278.0,5244547.0
202312,4,1,1155556.0,2516200.0
202312,4,2,511806.0,938225.0
202312,4,3,643749.0,1577975.0
202312,5,1,1052428.0,2126979.0
202312,5,2,627019.0,1155296.0
202312,5,3,425410.0,971683.0
202312,6,1,6586138.0,17913857.0
202312,6,2,3736128.0,7363463.0
202312,6,3,2850010.0,10550395.0
202312,7,1,572085.0,1554581.0
202312,7,2,346266.0,799483.0
202312,7,3,225819.0,755098.0
202401,1,1,1041007.0,2326205.0
202401,1,2,569160.0,1017475.0
202401,1,3,471847.0,1308731.0
202401,2,1,69271.0,226867.0
202401,2,2,30560.0,61386.0
202401,2,3,38711.0,165481.0
202401,3,1,879041.0,6128443.0
202401,3,2,132073.0,557008.0
202401,3,3,746968.0,5571435.0
202401,4,1,1008841.0,2296616.0
202401,4,2,413495.0,796248.0
202401,4,3,595346.0,1500369.0
202401,5,1,895214.0,1814976.0
202401,5,2,490157.0,879889.0
202401,5,3,405057.0,935087.0
202401,6,1,5660859.0,16491597.0
202401,6,2,2919329.0,5762176.0
202401,6,3,2741530.0,10729421.0
202401,7,1,490786.0,1375199.0
202401,7,2,271620.0,637457.0
202401,7,3,219166.0,737742.0
202402,1,1,1258294.0,2998691.0
202402,1,2,705236.0,1373288.0
202402,1,3,553058.0,1625402.0
202402,2,1,148843.0,585313.0
202402,2,2,57019.0,170008.0
202402,2,3,91824.0,415305.0
202402,3,1,900826.0,5955648.0
202402,3,2,130654.0,470284.0
202402,3,3,770172.0,5485364.0
202402,4,1,1136047.0,2695070.0
202402,4,2,444253.0,853424.0
202402,4,3,691794.0,1841646.0
202402,5,1,972927.0,1920576.0
202402,5,2,543763.0,941378.0
202402,5,3,429164.0,979198.0
202402,6,1,6512168.0,18581766.0
202402,6,2,3422317.0,6774732.0
202402,6,3,3089851.0,11807033.0
202402,7,1,607126.0,1685677.0
202402,7,2,348916.0,802889.0
202402,7,3,258210.0,882788.0
202403,1,1,1595826.0,4211220.0
202403,1,2,860283.0,1938428.0
202403,1,3,735543.0,2272792.0
202403,2,1,375281.0,1677443.0
202403,2,2,104550.0,304250.0
202403,2,3,270731.0,1373193.0
202403,3,1,989449.0,6382046.0
202403,3,2,160663.0,572800.0
202403,3,3,828786.0,5809246.0
202403,4,1,1517111.0,3660904.0
202403,4,2,618318.0,1265848.0
202403,4,3,898793.0,2395056.0
202403,5,1,1094034.0,2262645.0
202403,5,2,578912.0,1042343.0
202403,5,3,515122.0,1220302.0
202403,6,1,8433226.0,24520234.0
202403,6,2,4412670.0,9421644.0
202403,6,3,4020556.0,15098591.0
202403,7,1,805189.0,2433132.0
202403,7,2,461706.0,1206339.0
202403,7,3,343483.0,1226793.0
202404,1,1,1853668.0,4820554.0
202404,1,2,874510.0,1898961.0
202404,1,3,979158.0,2921593.0
202404,2,1,761737.0,3417164.0
202404,2,2,111851.0,355710.0
202404,2,3,649886.0,3061453.0
202404,3,1,896339.0,5589807.0
202404,3,2,170967.0,579991.0
202404,3,3,725372.0,5009817.0
202404,4,1,1710107.0,4444874.0
202404,4,2,550948.0,1179348.0
202404,4,3,1159158.0,3265526.0
202404,5,1,1126754.0,2301405.0
202404,5,2,517185.0,903137.0
202404,5,3,609568.0,1398268.0
202404,6,1,9386103.0,27099375.0
202404,6,2,4181084.0,8884448.0
202404,6,3,5205019.0,18214927.0
202404,7,1,815492.0,2526943.0
202404,7,2,418491.0,1131162.0
202404,7,3,397001.0,1395781.0
202405,1,1,2085222.0,5654996.0
202405,1,2,1011206.0,2253979.0
202405,1,3,1074016.0,3401017.0
202405,2,1,1747086.0,8199175.0
202405,2,2,189989.0,563225.0
202405,2,3,1557097.0,7635950.0
202405,3,1,870569.0,5419971.0
202405,3,2,221396.0,771235.0
202405,3,3,649173.0,4648736.0
202405,4,1,2230192.0,6243413.0
202405,4,2,692418.0,1489336.0
202405,4,3,1537775.0,4754076.0
202405,5,1,1231218.0,2490212.0
202405,5,2,582493.0,1011509.0
202405,5,3,648725.0,1478703.0
202405,6,1,11768411.0,35701080.0
202405,6,2,4928517.0,10623796.0
202405,6,3,6839894.0,25077285.0
202405,7,1,937531.0,2930269.0
202405,7,2,492600.0,1325240.0
202405,7,3,444932.0,1605029.0
202406,1,1,2011395.0,5821636.0
202406,1,2,1103063.0,2645841.0
202406,1,3,908332.0,3175795.0
202406,2,1,1859985.0,9474122.0
202406,2,2,241084.0,857430.0
202406,2,3,1618901.0,8616693.0
202406,3,1,900110.0,5694371.0
202406,3,2,250458.0,926379.0
202406,3,3,649652.0,4767991.0
202406,4,1,2317946.0,6906829.0
202406,4,2,851680.0,1902268.0
202406,4,3,1466266.0,5004561.0
202406,5,1,1189952.0,2346598.0
202406,5,2,598737.0,1017104.0
202406,5,3,591215.0,1329495.0
202406,6,1,11865112.0,38185201.0
202406,6,2,5419681.0,12347782.0
202406,6,3,6445432.0,25837418.0
202406,7,1,978865.0,3106623.0
202406,7,2,571156.0,1585990.0
202406,7,3,407709.0,1520632.0
202407,1,1,2010321.0,6596411.0
202407,1,2,1135161.0,3441439.0
202407,1,3,875160.0,3154973.0
202407,2,1,2022788.0,10920167.0
202407,2,2,213425.0,812025.0
202407,2,3,1809362.0,10108141.0
202407,3,1,955531.0,6394760.0
202407,3,2,268340.0,1112345.0
202407,3,3,687191.0,5282415.0
202407,4,1,2531716.0,8201186.0
202407,4,2,861378.0,2107573.0
202407,4,3,1670337.0,6093614.0
202407,5,1,1173350.0,2314639.0
202407,5,2,575463.0,999921.0
202407,5,3,597887.0,1314718.0
202407,6,1,12692328.0,43918939.0
202407,6,2,5756518.0,14743902.0
202407,6,3,6935810.0,29175038.0
202407,7,1,1052470.0,3623837.0
202407,7,2,607104.0,1949694.0
202407,7,3,445366.0,1674143.0
202408,1,1,2208915.0,7371761.0
202408,1,2,1260924.0,3985472.0
202408,1,3,947991.0,3386289.0
202408,2,1,2093220.0,11414856.0
202408,2,2,241846.0,999650.0
202408,2,3,1851374.0,10415206.0
202408,3,1,1011021.0,6875312.0
202408,3,2,303756.0,1368540.0
202408,3,3,707265.0,5506772.0
202408,4,1,2645423.0,8900068.0
202408,4,2,899260.0,2503794.0
202408,4,3,1746163.0,6396274.0
202408,5,1,1025471.0,2037081.0
202408,5,2,469667.0,830595.0
202408,5,3,555803.0,1206486.0
202408,6,1,13622908.0,47760600.0
202408,6,2,6363350.0,17310199.0
202408,6,3,7259558.0,30450401.0
202408,7,1,1151290.0,4033379.0
202408,7,2,668436.0,2238819.0
202408,7,3,482853.0,1794561.0
202409,1,1,2013198.0,6077011.0
202409,1,2,987854.0,2512737.0
202409,1,3,1025343.0,3564274.0
202409,2,1,1741692.0,9364391.0
202409,2,2,177047.0,652181.0
202409,2,3,1564645.0,8712210.0
202409,3,1,893661.0,5974213.0
202409,3,2,235293.0,980202.0
202409,3,3,658368.0,4994011.0
202409,4,1,2149212.0,6650004.0
202409,4,2,691162.0,1520153.0
202409,4,3,1458050.0,5129851.0
202409,5,1,1170483.0,2328196.0
202409,5,2,536583.0,926240.0
202409,5,3,633900.0,1401956.0
202409,6,1,11753507.0,38965938.0
202409,6,2,4991258.0,11754777.0
202409,6,3,6762248.0,27211161.0
202409,7,1,917581.0,3177788.0
202409,7,2,477553.0,1481862.0
202409,7,3,440028.0,1695926.0
202410,1,1,1835740.0,5141230.0
202410,1,2,795523.0,1665690.0
202410,1,3,1040217.0,3475540.0
202410,2,1,1360646.0,7041981.0
202410,2,2,162615.0,511919.0
202410,2,3,1198031.0,6530063.0
202410,3,1,985132.0,6440956.0
202410,3,2,200645.0,759636.0
202410,3,3,784487.0,5681320.0
202410,4,1,1936191.0,5221686.0
202410,4,2,608812.0,1173598.0
202410,4,3,1327379.0,4048088.0
202410,5,1,1228195.0,2522790.0
202410,5,2,563246.0,1002672.0
202410,5,3,664949.0,1520119.0
202410,6,1,10757739.0,33836772.0
202410,6,2,4523969.0,9614409.0
202410,6,3,6233770.0,24222363.0
202410,7,1,839583.0,2691347.0
202410,7,2,410411.0,1114650.0
202410,7,3,429172.0,1576697.0
202411,1,1,1269391.0,3068171.0
202411,1,2,673668.0,1294175.0
202411,1,3,595723.0,1773996.0
202411,2,1,121271.0,407673.0
202411,2,2,39934.0,78504.0
202411,2,3,81337.0,329169.0
202411,3,1,921709.0,6072981.0
202411,3,2,153280.0,548693.0
202411,3,3,768429.0,5524287.0
202411,4,1,1250229.0,2723985.0
202411,4,2,484693.0,858002.0
202411,4,3,765536.0,1865983.0
202411,5,1,1125101.0,2275915.0
202411,5,2,591976.0,1066842.0
202411,5,3,533125.0,1209073.0
202411,6,1,7152418.0,19978052.0
202411,6,2,3755355.0,7578414.0
202411,6,3,3397063.0,12399638.0
202411,7,1,586649.0,1899397.0
202411,7,2,330683.0,954450.0
202411,7,3,255966.0,944947.0
202412,1,1,1108517.0,2515502.0
202412,1,2,643956.0,1244788.0
202412,1,3,464561.0,1270713.0
202412,2,1,102526.0,311450.0
202412,2,2,39500.0,84821.0
202412,2,3,63026.0,226629.0
202412,3,1,908820.0,5966000.0
202412,3,2,161306.0,614159.0
202412,3,3,747514.0,5351841.0
202412,4,1,1162859.0,2482516.0
202412,4,2,517245.0,903095.0
202412,4,3,645613.0,1579421.0
202412,5,1,1058633.0,2165912.0
202412,5,2,606856.0,1121901.0
202412,5,3,451778.0,1044011.0
202412,6,1,6561380.0,18025526.0
202412,6,2,3645324.0,7206683.0
202412,6,3,2916057.0,10818842.0
202412,7,1,541561.0,1567092.0
202412,7,2,326018.0,813574.0
202412,7,3,215544.0,753518.0
202501,1,1,995404.0,2298453.0
202501,1,2,537216.0,998142.0
202501,1,3,458188.0,1300310.0
202501,2,1,72305.0,238985.0
202501,2,2,31385.0,70002.0
202501,2,3,40920.0,168983.0
202501,3,1,906651.0,6248911.0
202501,3,2,129670.0,499915.0
202501,3,3,776982.0,5748996.0
202501,4,1,1066598.0,2376734.0
202501,4,2,425374.0,801049.0
202501,4,3,641223.0,1575685.0
202501,5,1,928395.0,1924204.0
202501,5,2,485186.0,883332.0
202501,5,3,443209.0,1040872.0
202501,6,1,5774050.0,16830947.0
202501,6,2,2916184.0,5704151.0
202501,6,3,2857866.0,11126796.0
202501,7,1,491421.0,1386272.0
202501,7,2,274717.0,629237.0
202501,7,3,216704.0,757036.0
202502,1,1,1189519.0,2887855.0
202502,1,2,676294.0,1311157.0
202502,1,3,513225.0,1576699.0
202502,2,1,169407.0,627006.0
202502,2,2,55511.0,137290.0
202502,2,3,113896.0,489716.0
202502,3,1,920136.0,5951354.0
202502,3,2,128150.0,423759.0
202502,3,3,791986.0,5527595.0
202502,4,1,1185121.0,2602077.0
202502,4,2,475955.0,843620.0
202502,4,3,709166.0,1758457.0
202502,5,1,936428.0,1902043.0
202502,5,2,499123.0,890464.0
202502,5,3,437305.0,1011579.0
202502,6,1,6542730.0,18373966.0
202502,6,2,3423944.0,6554049.0
202502,6,3,3118786.0,11819917.0
202502,7,1,598064.0,1643692.0
202502,7,2,339604.0,750204.0
202502,7,3,258460.0,893489.0
202503,1,1,1397666.0,3689956.0
202503,1,2,693640.0,1504607.0
202503,1,3,704026.0,2185349.0
202503,2,1,321673.0,1396206.0
202503,2,2,93889.0,350409.0
202503,2,3,227785.0,1045797.0
202503,3,1,967758.0,6146735.0
202503,3,2,151363.0,535971.0
202503,3,3,816395.0,5610765.0
202503,4,1,1387899.0,3215398.0
202503,4,2,529179.0,1050891.0
202503,4,3,858720.0,2164507.0
202503,5,1,1063918.0,2214279.0
202503,5,2,518376.0,938767.0
202503,5,3,545542.0,1275513.0
202503,6,1,7708029.0,22393743.0
202503,6,2,3794808.0,8077931.0
202503,6,3,3913221.0,14315812.0
202503,7,1,739248.0,2289856.0
202503,7,2,384574.0,1031032.0
202503,7,3,354674.0,1258824.0
202504,1,1,1860719.0,5013182.0
202504,1,2,865459.0,2021339.0
202504,1,3,995260.0,2991843.0
202504,2,1,791880.0,3638428.0
202504,2,2,114560.0,450215.0
202504,2,3,677320.0,3188213.0
202504,3,1,941384.0,5749725.0
202504,3,2,195059.0,679776.0
202504,3,3,746325.0,5069949.0
202504,4,1,1976098.0,4951323.0
202504,4,2,693442.0,1450206.0
202504,4,3,1282657.0,3501118.0
202504,5,1,1147256.0,2467009.0
202504,5,2,524838.0,976094.0
202504,5,3,622418.0,1490915.0
202504,6,1,10049832.0,28957925.0
202504,6,2,4593215.0,10101779.0
202504,6,3,5456618.0,18856145.0
202504,7,1,892150.0,2667492.0
202504,7,2,489238.0,1287619.0
202504,7,3,402913.0,1379873.0
202505,1,1,2035990.0,5608740.0
202505,1,2,957681.0,2223752.0
202505,1,3,1078309.0,3384989.0
202505,2,1,1706205.0,8043892.0
202505,2,2,182045.0,568736.0
202505,2,3,1524160.0,7475156.0
202505,3,1,892682.0,5352406.0
202505,3,2,240884.0,859880.0
202505,3,3,651798.0,4492526.0
202505,4,1,2267344.0,6007234.0
202505,4,2,740648.0,1559851.0
202505,4,3,1526696.0,4447384.0
202505,5,1,1199658.0,2543911.0
202505,5,2,535558.0,969532.0
202505,5,3,664100.0,1574379.0
202505,6,1,11795145.0,35418451.0
202505,6,2,4917999.0,10811397.0
202505,6,3,6877146.0,24607054.0
202505,7,1,939050.0,2881322.0
202505,7,2,482446.0,1279305.0
202505,7,3,456604.0,1602017.0
202506,1,1,2033600.0,5989206.0
202506,1,2,1091971.0,2638285.0
202506,1,3,941629.0,3350921.0
202506,2,1,1930790.0,9741914.0
202506,2,2,200464.0,656872.0
202506,2,3,1730326.0,9085043.0
202506,3,1,909507.0,5689817.0
202506,3,2,245688.0,891375.0
202506,3,3,663820.0,4798441.0
202506,4,1,2461312.0,6873856.0
202506,4,2,903687.0,1883683.0
202506,4,3,1557625.0,4990173.0
202506,5,1,1183266.0,2393431.0
202506,5,2,554663.0,965413.0
202506,5,3,628602.0,1428018.0
202506,6,1,12270669.0,38950553.0
202506,6,2,5446509.0,12150292.0
202506,6,3,6824160.0,26800261.0
202506,7,1,1017141.0,3196270.0
202506,7,2,584344.0,1593565.0
202506,7,3,432797.0,1602705.0
202507,1,1,2103105.0,6852208.0
202507,1,2,1213929.0,3632140.0
202507,1,3,889176.0,3220068.0
202507,2,1,2038016.0,10974122.0
202507,2,2,201310.0,786273.0
202507,2,3,1836705.0,10187848.0
202507,3,1,1008030.0,6622855.0
202507,3,2,288926.0,1206921.0
202507,3,3,719104.0,5415934.0
202507,4,1,2632369.0,8178344.0
202507,4,2,885894.0,2150227.0
202507,4,3,1746475.0,6028117.0
202507,5,1,1165046.0,2322289.0
202507,5,2,517619.0,895696.0
202507,5,3,647427.0,1426593.0
202507,6,1,13036976.0,44697784.0
202507,6,2,5841647.0,15003110.0
202507,6,3,7195329.0,29694674.0
202507,7,1,1081655.0,3703613.0
202507,7,2,618428.0,1960467.0
202507,7,3,463228.0,1743146.0
202508,1,1,2277087.0,7566846.0
202508,1,2,1330192.0,4128312.0
202508,1,3,946895.0,3438533.0
202508,2,1,2064436.0,11418035.0
202508,2,2,211361.0,888806.0
202508,2,3,1853075.0,10529229.0
202508,3,1,1059785.0,7043879.0
202508,3,2,326635.0,1464004.0
202508,3,3,733150.0,5579875.0
202508,4,1,2734758.0,8825228.0
202508,4,2,925657.0,2464447.0
202508,4,3,1809101.0,6360781.0
202508,5,1,1012363.0,2090878.0
202508,5,2,432784.0,780648.0
202508,5,3,579578.0,1310230.0
202508,6,1,13822199.0,48135610.0
202508,6,2,6421901.0,17264363.0
202508,6,3,7400298.0,30871247.0
202508,7,1,1182511.0,4078213.0
202508,7,2,683926.0,2185825.0
202508,7,3,498585.0,1892388.0
202509,1,1,2048844.0,6174905.0
202509,1,2,1021488.0,2641573.0
202509,1,3,1027355.0,3533332.0
202509,2,1,1829464.0,9609722.0
202509,2,2,175132.0,662786.0
202509,2,3,1654332.0,8946936.0
202509,3,1,904181.0,5959124.0
202509,3,2,254123.0,1064307.0
202509,3,3,650059.0,4894817.0
202509,4,1,2240495.0,6651663.0
202509,4,2,724995.0,1562273.0
202509,4,3,1515499.0,5089390.0
202509,5,1,1147165.0,2380086.0
202509,5,2,519932.0,942504.0
202509,5,3,627233.0,1437582.0
202509,6,1,12044237.0,39501363.0
202509,6,2,5104235.0,12079484.0
202509,6,3,6940002.0,27421879.0
202509,7,1,941143.0,3222350.0
202509,7,2,484147.0,1481345.0
202509,7,3,456996.0,1741005.0
202510,1,1,1905916.0,5246921.0
202510,1,2,844506.0,1705468.0
202510,1,3,1061411.0,3541453.0
202510,2,1,1291152.0,6956150.0
202510,2,2,148050.0,450875.0
202510,2,3,1143101.0,6505275.0
202510,3,1,987528.0,6377824.0
202510,3,2,183472.0,682889.0
202510,3,3,804057.0,5694935.0
202510,4,1,2098166.0,5429541.0
202510,4,2,675382.0,1226409.0
202510,4,3,1422785.0,4203133.0
202510,5,1,1239047.0,2598593.0
202510,5,2,530839.0,969440.0
202510,5,3,708208.0,1629153.0
202510,6,1,11012524.0,34222621.0
202510,6,2,4637624.0,9594938.0
202510,6,3,6374900.0,24627683.0
202510,7,1,878484.0,2787023.0
202510,7,2,432136.0,1134102.0
202510,7,3,446348.0,1652922.0
202511,1,1,1298655.0,3133978.0
202511,1,2,680356.0,1303434.0
202511,1,3,618299.0,1830544.0
202511,2,1,139210.0,439093.0
202511,2,2,51591.0,94988.0
202511,2,3,87619.0,344105.0
202511,3,1,927840.0,5965528.0
202511,3,2,147628.0,538842.0
202511,3,3,780212.0,5426686.0
202511,4,1,1313262.0,2784910.0
202511,4,2,499842.0,852182.0
202511,4,3,813420.0,1932729.0
202511,5,1,1132669.0,2337741.0
202511,5,2,569693.0,1017679.0
202511,5,3,562976.0,1320062.0
202511,6,1,7380073.0,20220436.0
202511,6,2,3799363.0,7482927.0
202511,6,3,3580709.0,12737510.0
202511,7,1,706250.0,2035938.0
202511,7,2,385133.0,929392.0
202511,7,3,321117.0,1106546.0
202512,1,1,1187661.0,2665012.0
202512,1,2,680437.0,1297464.0
202512,1,3,507224.0,1367548.0
202512,2,1,97514.0,308661.0
202512,2,2,34112.0,67059.0
202512,2,3,63403.0,241601.0
202512,3,1,897235.0,5848690.0
202512,3,2,145146.0,525732.0
202512,3,3,752089.0,5322958.0
202512,4,1,1271677.0,2663340.0
202512,4,2,543585.0,959496.0
202512,4,3,728092.0,1703844.0
202512,5,1,1118510.0,2277314.0
202512,5,2,623077.0,1124099.0
202512,5,3,495433.0,1153215.0
202512,6,1,6890613.0,18443436.0
202512,6,2,3740606.0,7172123.0
202512,6,3,3150007.0,11271313.0
202512,7,1,585135.0,1597655.0
202512,7,2,328238.0,743798.0
202512,7,3,256897.0,853857.0
202601,1,1,1025466.0,2485158.0
202601,1,2,538799.0,1042918.0
202601,1,3,486667.0,1442240.0
202601,2,1,83753.0,261879.0
202601,2,2,39070.0,75510.0
202601,2,3,44683.0,186369.0
202601,3,1,913820.0,6163457.0
202601,3,2,133262.0,514290.0
202601,3,3,780558.0,5649167.0
202601,4,1,1162644.0,2569074.0
202601,4,2,449882.0,841766.0
202601,4,3,712762.0,1727307.0
202601,5,1,960234.0,2085517.0
202601,5,2,483240.0,891307.0
202601,5,3,476993.0,1194210.0
202601,6,1,5948424.0,17395903.0
202601,6,2,2942666.0,5847797.0
202601,6,3,3005758.0,11548106.0
202601,7,1,489756.0,1403655.0
202601,7,2,266400.0,616623.0
202601,7,3,223355.0,787032.0
202602,1,1,1171881.0,2833842.0
202602,1,2,614920.0,1197050.0
202602,1,3,556961.0,1636792.0
202602,2,1,160241.0,585975.0
202602,2,2,55983.0,132486.0
202602,2,3,104259.0,453490.0
202602,3,1,934667.0,5960164.0
202602,3,2,126128.0,440093.0
202602,3,3,808539.0,5520071.0
202602,4,1,1259374.0,2767651.0
202602,4,2,489072.0,893819.0
202602,4,3,770302.0,1873832.0
202602,5,1,986628.0,2011117.0
202602,5,2,497136.0,875844.0
202602,5,3,489491.0,1135273.0
202602,6,1,6594807.0,18564904.0
202602,6,2,3291438.0,6411136.0
202602,6,3,3303369.0,12153768.0
202602,7,1,610423.0,1706682.0
202602,7,2,330993.0,762568.0
202602,7,3,279430.0,944114.0
202603,1,1,1560614.0,4036015.0
202603,1,2,787339.0,1682802.0
202603,1,3,773275.0,2353214.0
202603,2,1,364483.0,1598828.0
202603,2,2,87681.0,272465.0
202603,2,3,276802.0,1326364.0
202603,3,1,998212.0,6291067.0
202603,3,2,167557.0,596908.0
202603,3,3,830654.0,5694159.0
202603,4,1,1563358.0,3508364.0
202603,4,2,618275.0,1185407.0
202603,4,3,945083.0,2322957.0
202603,5,1,1098265.0,2296624.0
202603,5,2,528660.0,938651.0
202603,5,3,569605.0,1357973.0
202603,6,1,8270160.0,23606982.0
202603,6,2,4086410.0,8499537.0
202603,6,3,4183750.0,15107445.0
202603,7,1,780720.0,2339012.0
202603,7,2,401135.0,1077176.0
202603,7,3,379585.0,1261837.0
202604,1,1,1931623.0,5229176.0
202604,1,2,930756.0,2145842.0
202604,1,3,1000868.0,3083334.0
202604,2,1,848250.0,3775752.0
202604,2,2,132397.0,402643.0
202604,2,3,715854.0,3373109.0
202604,3,1,889770.0,5495508.0
202604,3,2,186164.0,652913.0
202604,3,3,703606.0,4842595.0
202604,4,1,2005817.0,5033965.0
202604,4,2,734685.0,1555314.0
202604,4,3,1271132.0,3478650.0
202604,5,1,1159705.0,2467881.0
202604,5,2,506339.0,897252.0
202604,5,3,653366.0,1570629.0
202604,6,1,10211051.0,29285688.0
202604,6,2,4704480.0,10192057.0
202604,6,3,5506571.0,19093631.0
202604,7,1,932792.0,2806257.0
202604,7,2,487675.0,1301753.0
202604,7,3,445117.0,1504504.0
202605,1,1,2065183.0,5780433.0
202605,1,2,968276.0,2197936.0
202605,1,3,1096907.0,3582497.0
202605,2,1,1825793.0,8478653.0
202605,2,2,201960.0,667873.0
202605,2,3,1623834.0,7810780.0
202605,3,1,929918.0,5444114.0
202605,3,2,251037.0,840834.0
202605,3,3,678882.0,4603280.0
202605,4,1,2367239.0,6175882.0
202605,4,2,773654.0,1611556.0
202605,4,3,1593585.0,4564326.0
202605,5,1,1232338.0,2560746.0
202605,5,2,536225.0,950202.0
202605,5,3,696113.0,1610544.0
202605,6,1,12074455.0,36318101.0
202605,6,2,4933839.0,10791911.0
202605,6,3,7140617.0,25526190.0
202605,7,1,979354.0,3072623.0
202605,7,2,487333.0,1321161.0
202605,7,3,492021.0,1751462.0
202606,1,1,2022119.0,6036991.0
202606,1,2,1131148.0,2765360.0
202606,1,3,890971.0,3271630.0
202606,2,1,1945021.0,9590961.0
202606,2,2,204869.0,658591.0
202606,2,3,1740152.0,8932370.0
202606,3,1,911415.0,5665977.0
202606,3,2,267884.0,968880.0
202606,3,3,643531.0,4697097.0
202606,4,1,2454534.0,6729507.0
202606,4,2,908260.0,1903239.0
202606,4,3,1546274.0,4826268.0
202606,5,1,1199893.0,2421276.0
202606,5,2,578040.0,988985.0
202606,5,3,621852.0,1432291.0
202606,6,1,12187821.0,38615011.0
202606,6,2,5483178.0,12337057.0
202606,6,3,6704642.0,26277954.0
202606,7,1,999383.0,3247155.0
202606,7,2,560373.0,1600994.0
202606,7,3,439010.0,1646161.0
202607,1,1,2169585.0,7008561.0
202607,1,2,1260363.0,3659050.0
202607,1,3,909222.0,3349511.0
202607,2,1,2050150.0,10783538.0
202607,2,2,204284.0,768195.0
202607,2,3,1845866.0,10015343.0
202607,3,1,1058995.0,6781369.0
202607,3,2,310471.0,1204609.0
202607,3,3,748524.0,5576760.0
202607,4,1,2697163.0,8154662.0
202607,4,2,895936.0,2106989.0
202607,4,3,1801227.0,6047673.0
202607,5,1,1139288.0,2297978.0
202607,5,2,504321.0,860750.0
202607,5,3,634966.0,1437228.0
202607,6,1,13208858.0,44846714.0
202607,6,2,5874768.0,14836337.0
202607,6,3,7334090.0,30010377.0
202607,7,1,1110831.0,3862408.0
202607,7,2,626584.0,1980826.0
202607,7,3,484247.0,1881582.0
202608,1,1,2332985.0,7717597.0
202608,1,2,1348406.0,4174092.0
202608,1,3,984579.0,3543504.0
202608,2,1,2137472.0,11367443.0
202608,2,2,223438.0,895649.0
202608,2,3,1914034.0,10471794.0
202608,3,1,1112371.0,7216680.0
202608,3,2,336433.0,1427401.0
202608,3,3,775939.0,5789279.0
202608,4,1,2888541.0,9064733.0
202608,4,2,967600.0,2540045.0
202608,4,3,1920941.0,6524688.0
202608,5,1,1082623.0,2165029.0
202608,5,2,454617.0,796393.0
202608,5,3,628006.0,1368637.0
202608,6,1,14227157.0,48798426.0
202608,6,2,6370036.0,17073032.0
202608,6,3,7857121.0,31725395.0
202608,7,1,1171844.0,4137046.0
202608,7,2,662360.0,2180088.0
202608,7,3,509484.0,1956958.0
